AITFC,9044448,-5.992949,106.624919,10170,2176,1,81.9,311.1,GIA608,B738,PK-GMF,CGK,PLW,1702347995
AITFC,9045559,-6.449719,106.992819,11038,1024,1,110.1,335.3,BTK7309,A320,PK-LUS,HLP,DPS,1702347996
AITFC,9044737,-6.935818,109.005211,27295,128,1,313.5,408.1,CTV775,A320,PK-GLI,YIA,CGK,1702347997
AITFC,9046067,-6.10365,107.170163,21720,1792,1,113.3,389.7,BTK6050,B738,PK-LDP,CGK,DPS,1702347998
AITFC,9045280,-6.528442,107.598189,20338,1472,1,100.0,408.2,BTK7513,A320,PK-LAY,HLP,SUB,1702347999
AITFC,9045160,-6.584162,108.242135,26870,0,1,109.7,447.3,CTV762,A320,PK-GQE,CGK,SOC,1702348000
AITFC,9045556,-6.638855,109.008349,30838,832,1,82.5,481.1,BTK6292,A320,PK-LUP,CGK,LUW,1702348001
AITFC,9044448,-5.991486,106.63507,10345,960,1,82.1,319.0,GIA608,B738,PK-GMF,CGK,PLW,1702348002
AITFC,9045559,-6.453956,107.004279,11163,960,1,110.3,343.3,BTK7309,A320,PK-LUS,HLP,DPS,1702348003
AITFC,9044737,-6.926926,108.995835,27320,448,1,313.5,411.0,CTV775,A320,PK-GLI,YIA,CGK,1702348004
AITFC,9046067,-6.108673,107.181826,21920,1920,1,113.2,391.6,BTK6050,B738,PK-LDP,CGK,DPS,1702348005
AITFC,9045280,-6.530777,107.611456,20513,1472,1,100.0,408.2,BTK7513,A320,PK-LAY,HLP,SUB,1702348006
AITFC,9045160,-6.58933,108.256578,26870,0,1,109.7,447.3,CTV762,A320,PK-GQE,CGK,SOC,1702348007
AITFC,9045556,-6.638855,109.008349,30838,832,1,82.5,481.1,BTK6292,A320,PK-LUP,CGK,LUW,1702348008
AITFC,9044448,-5.98997,106.646087,10470,1280,1,82.1,327.1,GIA608,B738,PK-GMF,CGK,PLW,1702348009
AITFC,9045559,-6.45754,107.013844,11263,960,1,110.6,350.3,BTK7309,A320,PK-LUS,HLP,DPS,1702348010
AITFC,9044737,-6.921524,108.990101,27395,512,1,313.4,413.1,CTV775,A320,PK-GLI,YIA,CGK,1702348011
AITFC,9046067,-6.113705,107.193556,22120,1792,1,113.2,392.9,BTK6050,B738,PK-LDP,CGK,DPS,1702348012
AITFC,9045280,-6.533281,107.625575,20688,1472,1,100.0,409.2,BTK7513,A320,PK-LAY,HLP,SUB,1702348013
AITFC,9045160,-6.594818,108.271846,26870,0,1,109.7,447.3,CTV762,A320,PK-GQE,CGK,SOC,1702348014
AITFC,9044448,-5.988526,106.656457,10595,1216,1,82.1,333.2,GIA608,B738,PK-GMF,CGK,PLW,1702348016
AITFC,9045559,-6.462021,107.025829,11413,1408,1,110.7,357.0,BTK7309,A320,PK-LUS,HLP,DPS,1702348017
AITFC,9044737,-6.908119,108.975993,27445,640,1,313.4,415.9,CTV775,A320,PK-GLI,YIA,CGK,1702348018
AITFC,9046067,-6.118873,107.205632,22320,1792,1,113.2,393.8,BTK6050,B738,PK-LDP,CGK,DPS,1702348019
AITFC,9045280,-6.535608,107.638692,20863,1408,1,100.1,410.4,BTK7513,A320,PK-LAY,HLP,SUB,1702348020
AITFC,9045160,-6.599258,108.284322,26870,0,1,109.6,446.9,CTV762,A320,PK-GQE,CGK,SOC,1702348021
AITFC,9044448,-5.987409,106.664508,10720,2176,1,82.0,338.3,GIA608,B738,PK-GMF,CGK,PLW,1702348022
AITFC,9045559,-6.465591,107.035233,11563,1920,1,110.7,361.4,BTK7309,A320,PK-LUS,HLP,DPS,1702348023
AITFC,9044737,-6.900238,108.967663,27520,576,1,313.5,418.0,CTV775,A320,PK-GLI,YIA,CGK,1702348024
AITFC,9046067,-6.123093,107.21539,22495,1792,1,113.3,395.1,BTK6050,B738,PK-LDP,CGK,DPS,1702348025
AITFC,9045280,-6.537552,107.649676,20988,1344,1,100.1,410.4,BTK7513,A320,PK-LAY,HLP,SUB,1702348027
AITFC,9045160,-6.601089,108.289397,26870,0,1,109.6,446.9,CTV762,A320,PK-GQE,CGK,SOC,1702348028
AITFC,9044448,-5.98613,106.673522,10970,2816,1,82.2,339.1,GIA608,B738,PK-GMF,CGK,PLW,1702348029
AITFC,9045559,-6.469271,107.044957,11788,2432,1,111.0,363.1,BTK7309,A320,PK-LUS,HLP,DPS,1702348030
AITFC,9044737,-6.892617,108.959608,27570,704,1,313.5,420.2,CTV775,A320,PK-GLI,YIA,CGK,1702348031
AITFC,9046067,-6.127857,107.226515,22645,1728,1,113.2,396.0,BTK6050,B738,PK-LDP,CGK,DPS,1702348032
AITFC,9045280,-6.539658,107.661422,21113,1216,1,100.1,411.4,BTK7513,A320,PK-LAY,HLP,SUB,1702348033
AITFC,9045160,-6.607951,108.308574,26870,-64,1,109.6,446.9,CTV762,A320,PK-GQE,CGK,SOC,1702348034
AITFC,9044448,-5.984528,106.685393,11320,3328,1,82.2,339.1,GIA608,B738,PK-GMF,CGK,PLW,1702348035
AITFC,9045559,-6.472778,107.05418,12038,2880,1,110.8,363.6,BTK7309,A320,PK-LUS,HLP,DPS,1702348036
AITFC,9044737,-6.883072,108.949554,27645,768,1,313.5,421.6,CTV775,A320,PK-GLI,YIA,CGK,1702348037
AITFC,9046067,-6.132065,107.236338,22795,1600,1,113.3,397.3,BTK6050,B738,PK-LDP,CGK,DPS,1702348038
AITFC,9045280,-6.541707,107.672929,21238,1152,1,100.1,412.3,BTK7513,A320,PK-LAY,HLP,SUB,1702348039
AITFC,9045160,-6.61228,108.320697,26870,0,1,109.7,447.3,CTV762,A320,PK-GQE,CGK,SOC,1702348040
AITFC,9044448,-5.983406,106.693773,11670,3712,1,82.3,337.0,GIA608,B738,PK-GMF,CGK,PLW,1702348041
AITFC,9045559,-6.476257,107.063304,12313,3072,1,110.7,362.4,BTK7309,A320,PK-LUS,HLP,DPS,1702348042
AITFC,9044737,-6.876617,108.942711,27720,704,1,313.5,423.0,CTV775,A320,PK-GLI,YIA,CGK,1702348043
AITFC,9046067,-6.136609,107.246925,22945,1536,1,113.2,399.2,BTK6050,B738,PK-LDP,CGK,DPS,1702348044
AITFC,9045280,-6.543755,107.684484,21363,1344,1,100.0,413.3,BTK7513,A320,PK-LAY,HLP,SUB,1702348045
AITFC,9045160,-6.615738,108.330502,26845,-64,1,109.7,447.3,CTV762,A320,PK-GQE,CGK,SOC,1702348046
AITFC,9044448,-5.98201,106.703967,11995,3456,1,82.3,335.0,GIA608,B738,PK-GMF,CGK,PLW,1702348047
AITFC,9045559,-6.479885,107.072801,12613,2496,1,110.9,361.8,BTK7309,A320,PK-LUS,HLP,DPS,1702348048
AITFC,9044737,-6.867416,108.932981,27795,640,1,313.5,424.4,CTV775,A320,PK-GLI,YIA,CGK,1702348049
AITFC,9046067,-6.140985,107.257154,23095,1536,1,113.2,401.4,BTK6050,B738,PK-LDP,CGK,DPS,1702348050
AITFC,9045280,-6.545883,107.696507,21513,1600,1,100.0,414.3,BTK7513,A320,PK-LAY,HLP,SUB,1702348051
AITFC,9045160,-6.618439,108.337904,26845,0,1,109.7,447.3,CTV762,A320,PK-GQE,CGK,SOC,1702348052
AITFC,9044448,-5.980938,106.711673,12270,2880,1,82.1,335.2,GIA608,B738,PK-GMF,CGK,PLW,1702348053
AITFC,9045559,-6.483563,107.082414,12813,2176,1,110.8,362.7,BTK7309,A320,PK-LUS,HLP,DPS,1702348054
AITFC,9044737,-6.858308,108.923382,27845,384,1,313.4,426.6,CTV775,A320,PK-GLI,YIA,CGK,1702348055
AITFC,9046067,-6.145733,107.26814,23245,1664,1,113.3,402.7,BTK6050,B738,PK-LDP,CGK,DPS,1702348056
AITFC,9045280,-6.547806,107.707494,21688,1600,1,100.0,413.3,BTK7513,A320,PK-LAY,HLP,SUB,1702348057
AITFC,9045160,-6.624619,108.355128,26870,0,1,109.7,447.3,CTV762,A320,PK-GQE,CGK,SOC,1702348058
AITFC,9044448,-5.980007,106.718445,12495,2624,1,81.9,335.3,GIA608,B738,PK-GMF,CGK,PLW,1702348059
AITFC,9045559,-6.487289,107.092352,13013,1536,1,110.7,365.5,BTK7309,A320,PK-LUS,HLP,DPS,1702348060
AITFC,9044737,-6.850204,108.914826,27870,192,1,313.4,429.4,CTV775,A320,PK-GLI,YIA,CGK,1702348061
AITFC,9046067,-6.150156,107.278463,23395,1600,1,113.1,404.6,BTK6050,B738,PK-LDP,CGK,DPS,1702348062
AITFC,9045280,-6.549807,107.718911,21838,1408,1,100.0,413.3,BTK7513,A320,PK-LAY,HLP,SUB,1702348063
AITFC,9045160,-6.629365,108.36843,26845,0,1,109.7,448.2,CTV762,A320,PK-GQE,CGK,SOC,1702348064
AITFC,9044448,-5.980007,106.718445,12695,2624,1,81.9,335.3,GIA608,B738,PK-GMF,CGK,PLW,1702348065
AITFC,9045559,-6.491291,107.103156,13188,1728,1,110.4,368.0,BTK7309,A320,PK-LUS,HLP,DPS,1702348066
AITFC,9044737,-6.842108,108.906239,27870,0,1,313.4,432.2,CTV775,A320,PK-GLI,YIA,CGK,1702348067
AITFC,9046067,-6.153973,107.287461,23520,1664,1,113.2,405.9,BTK6050,B738,PK-LDP,CGK,DPS,1702348068
AITFC,9045280,-6.55188,107.730397,21963,1216,1,100.0,414.3,BTK7513,A320,PK-LAY,HLP,SUB,1702348069
AITFC,9045160,-6.633042,108.378659,26845,0,1,109.7,448.2,CTV762,A320,PK-GQE,CGK,SOC,1702348070
AITFC,9044448,-5.980007,106.718445,12695,2624,1,81.9,335.3,GIA608,B738,PK-GMF,CGK,PLW,1702348071
AITFC,9045559,-6.494843,107.112928,13413,2304,1,110.0,369.2,BTK7309,A320,PK-LUS,HLP,DPS,1702348072
AITFC,9044737,-6.833775,108.897479,27870,-64,1,313.4,435.0,CTV775,A320,PK-GLI,YIA,CGK,1702348073
AITFC,9046067,-6.15921,107.299603,23695,1664,1,113.2,406.8,BTK6050,B738,PK-LDP,CGK,DPS,1702348074
AITFC,9045280,-6.55395,107.74221,22088,1088,1,100.1,415.5,BTK7513,A320,PK-LAY,HLP,SUB,1702348075
AITFC,9045160,-6.637837,108.391966,26845,0,1,109.8,448.5,CTV762,A320,PK-GQE,CGK,SOC,1702348076
AITFC,9044448,-5.976283,106.744679,13095,2496,1,81.9,342.4,GIA608,B738,PK-GMF,CGK,PLW,1702348077
AITFC,9045559,-6.498276,107.122472,13663,2496,1,109.6,369.4,BTK7309,A320,PK-LUS,HLP,DPS,1702348078
AITFC,9044737,-6.825577,108.888757,27845,0,1,313.4,437.9,CTV775,A320,PK-GLI,YIA,CGK,1702348079
AITFC,9046067,-6.163651,107.310031,23845,1536,1,113.2,408.1,BTK6050,B738,PK-LDP,CGK,DPS,1702348080
AITFC,9045280,-6.556091,107.754048,22188,1024,1,100.1,416.4,BTK7513,A320,PK-LAY,HLP,SUB,1702348081
AITFC,9045160,-6.642059,108.403729,26845,0,1,109.8,448.5,CTV762,A320,PK-GQE,CGK,SOC,1702348082
AITFC,9044448,-5.976283,106.744679,13245,2304,1,82.0,344.4,GIA608,B738,PK-GMF,CGK,PLW,1702348083
AITFC,9045559,-6.501718,107.132279,13913,2432,1,109.3,369.7,BTK7309,A320,PK-LUS,HLP,DPS,1702348084
AITFC,9044737,-6.817017,108.879721,27845,0,1,313.4,439.3,CTV775,A320,PK-GLI,YIA,CGK,1702348085
AITFC,9046067,-6.167985,107.320136,23995,1600,1,113.2,409.0,BTK6050,B738,PK-LDP,CGK,DPS,1702348086
AITFC,9045280,-6.55814,107.76565,22288,1088,1,100.1,417.4,BTK7513,A320,PK-LAY,HLP,SUB,1702348088
AITFC,9045160,-6.646683,108.41667,26845,0,1,109.8,448.5,CTV762,A320,PK-GQE,CGK,SOC,1702348089
AITFC,9044448,-5.972699,106.770109,13545,2176,1,81.9,347.5,GIA608,B738,PK-GMF,CGK,PLW,1702348090
AITFC,9045559,-6.505163,107.142366,14138,2112,1,108.9,370.0,BTK7309,A320,PK-LUS,HLP,DPS,1702348091
AITFC,9044737,-6.807312,108.869484,27845,0,1,313.4,440.7,CTV775,A320,PK-GLI,YIA,CGK,1702348092
AITFC,9046067,-6.172827,107.331359,24120,1344,1,113.2,411.3,BTK6050,B738,PK-LDP,CGK,DPS,1702348093
AITFC,9045280,-6.560141,107.777157,22413,1088,1,100.0,418.4,BTK7513,A320,PK-LAY,HLP,SUB,1702348094
AITFC,9045160,-6.650499,108.427245,26845,0,1,109.8,448.5,CTV762,A320,PK-GQE,CGK,SOC,1702348095
AITFC,9044448,-5.971162,106.781001,13795,2176,1,81.9,347.5,GIA608,B738,PK-GMF,CGK,PLW,1702348096
AITFC,9045559,-6.508621,107.152405,14363,1984,1,108.8,371.9,BTK7309,A320,PK-LUS,HLP,DPS,1702348097
AITFC,9044737,-6.799885,108.861631,27845,0,1,313.4,440.7,CTV775,A320,PK-GLI,YIA,CGK,1702348098
AITFC,9046067,-6.177521,107.342245,24245,1344,1,113.3,412.6,BTK6050,B738,PK-LDP,CGK,DPS,1702348099
AITFC,9045280,-6.56218,107.788588,22513,1024,1,100.0,420.4,BTK7513,A320,PK-LAY,HLP,SUB,1702348100
AITFC,9045160,-6.655151,108.440179,26870,64,1,109.8,448.5,CTV762,A320,PK-GQE,CGK,SOC,1702348101
AITFC,9044448,-5.969833,106.790368,13995,2176,1,82.2,352.3,GIA608,B738,PK-GMF,CGK,PLW,1702348102
AITFC,9045559,-6.511917,107.162088,14563,2048,1,109.0,372.2,BTK7309,A320,PK-LUS,HLP,DPS,1702348103
AITFC,9044737,-6.790296,108.851497,27870,0,1,313.3,441.4,CTV775,A320,PK-GLI,YIA,CGK,1702348104
AITFC,9046067,-6.181732,107.35216,24370,1472,1,113.3,414.8,BTK6050,B738,PK-LDP,CGK,DPS,1702348105
AITFC,9045280,-6.564331,107.800738,22613,960,1,100.0,421.4,BTK7513,A320,PK-LAY,HLP,SUB,1702348106
AITFC,9045160,-6.659111,108.451159,26870,64,1,109.8,448.5,CTV762,A320,PK-GQE,CGK,SOC,1702348107
AITFC,9044448,-5.968462,106.800463,14195,2240,1,82.2,354.3,GIA608,B738,PK-GMF,CGK,PLW,1702348108
AITFC,9045559,-6.515579,107.172562,14763,1856,1,109.4,374.1,BTK7309,A320,PK-LUS,HLP,DPS,1702348109
AITFC,9044737,-6.783096,108.84388,27845,0,1,313.3,441.4,CTV775,A320,PK-GLI,YIA,CGK,1702348110
AITFC,9046067,-6.186467,107.363134,24495,1344,1,113.4,416.1,BTK6050,B738,PK-LDP,CGK,DPS,1702348111
AITFC,9045280,-6.566391,107.812329,22713,1088,1,100.1,422.5,BTK7513,A320,PK-LAY,HLP,SUB,1702348112
AITFC,9045160,-6.663895,108.46448,26870,64,1,109.8,448.5,CTV762,A320,PK-GQE,CGK,SOC,1702348113
AITFC,9044448,-5.967178,106.810572,14445,2624,1,83.5,354.3,GIA608,B738,PK-GMF,CGK,PLW,1702348114
AITFC,9045559,-6.518896,107.18167,14938,1536,1,109.9,375.5,BTK7309,A320,PK-LUS,HLP,DPS,1702348115
AITFC,9044737,-6.773254,108.833453,27870,0,1,313.3,441.4,CTV775,A320,PK-GLI,YIA,CGK,1702348116
AITFC,9046067,-6.191401,107.374499,24620,1472,1,113.3,417.9,BTK6050,B738,PK-LDP,CGK,DPS,1702348117
AITFC,9045280,-6.568428,107.824039,22838,1152,1,100.1,423.5,BTK7513,A320,PK-LAY,HLP,SUB,1702348118
AITFC,9045160,-6.667877,108.475466,26870,64,1,109.8,448.5,CTV762,A320,PK-GQE,CGK,SOC,1702348119
AITFC,9044448,-5.966647,106.820779,14670,2240,1,89.0,356.1,GIA608,B738,PK-GMF,CGK,PLW,1702348120
AITFC,9045559,-6.522481,107.191378,15063,1536,1,110.3,378.4,BTK7309,A320,PK-LUS,HLP,DPS,1702348121
AITFC,9044737,-6.770604,108.830614,27870,0,1,313.3,441.4,CTV775,A320,PK-GLI,YIA,CGK,1702348122
AITFC,9046067,-6.196152,107.385585,24770,1536,1,113.2,418.9,BTK6050,B738,PK-LDP,CGK,DPS,1702348123
AITFC,9045280,-6.570616,107.836304,22963,1152,1,100.0,424.5,BTK7513,A320,PK-LAY,HLP,SUB,1702348124
AITFC,9045160,-6.672363,108.488035,26870,0,1,109.8,448.5,CTV762,A320,PK-GQE,CGK,SOC,1702348125
AITFC,9044448,-5.967066,106.830723,14895,2304,1,94.2,356.9,GIA608,B738,PK-GMF,CGK,PLW,1702348126
AITFC,9045559,-6.526251,107.201606,15263,1984,1,110.3,379.7,BTK7309,A320,PK-LUS,HLP,DPS,1702348127
AITFC,9044737,-6.770604,108.830614,27870,0,1,313.3,441.4,CTV775,A320,PK-GLI,YIA,CGK,1702348128
AITFC,9046067,-6.200618,107.395998,24920,1408,1,113.2,421.1,BTK6050,B738,PK-LDP,CGK,DPS,1702348129
AITFC,9045280,-6.572708,107.848035,23063,1024,1,100.0,425.5,BTK7513,A320,PK-LAY,HLP,SUB,1702348130
AITFC,9045160,-6.676336,108.498988,26870,0,1,109.8,448.5,CTV762,A320,PK-GQE,CGK,SOC,1702348131
AITFC,9044448,-5.968323,106.840924,15095,2304,1,99.0,357.4,GIA608,B738,PK-GMF,CGK,PLW,1702348132
AITFC,9045559,-6.529861,107.21148,15463,2176,1,110.2,380.3,BTK7309,A320,PK-LUS,HLP,DPS,1702348133
AITFC,9044737,-6.770604,108.830614,27870,0,1,313.3,441.4,CTV775,A320,PK-GLI,YIA,CGK,1702348134
AITFC,9046067,-6.205227,107.406795,25045,1344,1,113.3,422.4,BTK6050,B738,PK-LDP,CGK,DPS,1702348135
AITFC,9045280,-6.574712,107.85965,23163,832,1,100.0,426.5,BTK7513,A320,PK-LAY,HLP,SUB,1702348136
AITFC,9045160,-6.681107,108.512335,26870,0,1,109.8,448.5,CTV762,A320,PK-GQE,CGK,SOC,1702348137
AITFC,9044448,-5.970511,106.850991,15320,2240,1,104.0,358.7,GIA608,B738,PK-GMF,CGK,PLW,1702348138
AITFC,9045559,-6.533981,107.222792,15713,2176,1,110.0,380.9,BTK7309,A320,PK-LUS,HLP,DPS,1702348139
AITFC,9044737,-6.738483,108.796708,27870,0,1,313.4,440.7,CTV775,A320,PK-GLI,YIA,CGK,1702348140
AITFC,9046067,-6.210208,107.41835,25145,1408,1,113.2,424.3,BTK6050,B738,PK-LDP,CGK,DPS,1702348141
AITFC,9045280,-6.576854,107.871773,23238,896,1,99.9,428.4,BTK7513,A320,PK-LAY,HLP,SUB,1702348142
AITFC,9045160,-6.685088,108.523328,26870,0,1,109.8,448.5,CTV762,A320,PK-GQE,CGK,SOC,1702348143
AITFC,9044448,-5.97345,106.860196,15545,2624,1,109.2,358.0,GIA608,B738,PK-GMF,CGK,PLW,1702348144
AITFC,9045559,-6.537238,107.232624,15913,2176,1,108.1,380.7,BTK7309,A320,PK-LUS,HLP,DPS,1702348146
AITFC,9044737,-6.731049,108.788809,27870,0,1,313.5,440.0,CTV775,A320,PK-GLI,YIA,CGK,1702348147
AITFC,9046067,-6.214863,107.429194,25295,1344,1,113.3,425.6,BTK6050,B738,PK-LDP,CGK,DPS,1702348148
AITFC,9045280,-6.578934,107.883461,23338,960,1,100.1,429.6,BTK7513,A320,PK-LAY,HLP,SUB,1702348149
AITFC,9045160,-6.689417,108.535546,26870,0,1,109.4,449.4,CTV762,A320,PK-GQE,CGK,SOC,1702348150
AITFC,9044448,-5.977203,106.869414,15795,2752,1,113.1,357.5,GIA608,B738,PK-GMF,CGK,PLW,1702348151
AITFC,9045559,-6.540124,107.242853,16138,2304,1,105.8,381.5,BTK7309,A320,PK-LUS,HLP,DPS,1702348152
AITFC,9044737,-6.721352,108.778571,27870,0,1,313.4,439.3,CTV775,A320,PK-GLI,YIA,CGK,1702348153
AITFC,9046067,-6.219891,107.440843,25395,1280,1,113.1,427.4,BTK6050,B738,PK-LDP,CGK,DPS,1702348154
AITFC,9045280,-6.581136,107.895971,23438,1024,1,100.0,430.6,BTK7513,A320,PK-LAY,HLP,SUB,1702348155
AITFC,9045160,-6.693514,108.547811,26870,0,1,108.2,449.4,CTV762,A320,PK-GQE,CGK,SOC,1702348156
AITFC,9044448,-5.981497,106.879499,16070,2688,1,113.1,357.5,GIA608,B738,PK-GMF,CGK,PLW,1702348157
AITFC,9045559,-6.542172,107.251613,16363,1856,1,102.3,381.7,BTK7309,A320,PK-LUS,HLP,DPS,1702348158
AITFC,9044737,-6.712926,108.769715,27870,0,1,313.5,438.6,CTV775,A320,PK-GLI,YIA,CGK,1702348159
AITFC,9046067,-6.224396,107.451456,25520,1344,1,113.2,428.7,BTK6050,B738,PK-LDP,CGK,DPS,1702348160
AITFC,9045280,-6.583328,107.90832,23538,960,1,100.0,431.6,BTK7513,A320,PK-LAY,HLP,SUB,1702348161
AITFC,9045160,-6.697564,108.560928,26870,0,1,106.6,448.6,CTV762,A320,PK-GQE,CGK,SOC,1702348162
AITFC,9044448,-5.98526,106.88836,16295,2560,1,113.1,357.5,GIA608,B738,PK-GMF,CGK,PLW,1702348163
AITFC,9045559,-6.544546,107.263641,16538,1536,1,100.7,383.6,BTK7309,A320,PK-LUS,HLP,DPS,1702348164
AITFC,9044737,-6.704221,108.760529,27870,0,1,313.5,438.6,CTV775,A320,PK-GLI,YIA,CGK,1702348165
AITFC,9046067,-6.229431,107.463188,25645,1280,1,113.2,429.6,BTK6050,B738,PK-LDP,CGK,DPS,1702348166
AITFC,9045280,-6.585388,107.920237,23638,960,1,100.0,433.5,BTK7513,A320,PK-LAY,HLP,SUB,1702348167
AITFC,9045160,-6.700699,108.572201,26870,0,1,105.4,449.1,CTV762,A320,PK-GQE,CGK,SOC,1702348168
AITFC,9044448,-5.989426,106.898183,16545,2368,1,113.0,358.5,GIA608,B738,PK-GMF,CGK,PLW,1702348169
AITFC,9045559,-6.546641,107.275622,16688,1344,1,100.0,385.9,BTK7309,A320,PK-LUS,HLP,DPS,1702348170
AITFC,9044737,-6.695663,108.751521,27870,0,1,313.6,439.2,CTV775,A320,PK-GLI,YIA,CGK,1702348171
AITFC,9046067,-6.233996,107.47385,25770,1216,1,113.2,431.9,BTK6050,B738,PK-LDP,CGK,DPS,1702348172
AITFC,9045280,-6.587561,107.932434,23738,960,1,99.9,434.5,BTK7513,A320,PK-LAY,HLP,SUB,1702348173
AITFC,9045160,-6.703903,108.584724,26870,0,1,104.0,449.4,CTV762,A320,PK-GQE,CGK,SOC,1702348174
AITFC,9044448,-5.993042,106.906749,16745,2240,1,112.9,359.4,GIA608,B738,PK-GMF,CGK,PLW,1702348175
AITFC,9045559,-6.548538,107.286382,16838,1152,1,99.8,387.7,BTK7309,A320,PK-LUS,HLP,DPS,1702348176
AITFC,9044737,-6.687515,108.742955,27870,0,1,313.6,439.2,CTV775,A320,PK-GLI,YIA,CGK,1702348177
AITFC,9046067,-6.239071,107.485641,25895,1344,1,113.3,433.2,BTK6050,B738,PK-LDP,CGK,DPS,1702348178
AITFC,9045280,-6.5896,107.944072,23838,896,1,100.0,435.7,BTK7513,A320,PK-LAY,HLP,SUB,1702348179
AITFC,9045160,-6.706734,108.596918,26870,0,1,102.7,449.0,CTV762,A320,PK-GQE,CGK,SOC,1702348180
AITFC,9044448,-5.997139,106.916293,16945,2112,1,113.0,360.7,GIA608,B738,PK-GMF,CGK,PLW,1702348181
AITFC,9045559,-6.550412,107.297169,16938,1088,1,99.9,390.8,BTK7309,A320,PK-LUS,HLP,DPS,1702348182
AITFC,9044737,-6.679222,108.734247,27870,0,1,313.5,438.6,CTV775,A320,PK-GLI,YIA,CGK,1702348183
AITFC,9046067,-6.243713,107.496379,26020,1408,1,113.2,434.1,BTK6050,B738,PK-LDP,CGK,DPS,1702348184
AITFC,9045280,-6.591704,107.95578,23913,768,1,100.0,436.7,BTK7513,A320,PK-LAY,HLP,SUB,1702348185
AITFC,9045160,-6.709714,108.610366,26870,0,1,102.5,449.6,CTV762,A320,PK-GQE,CGK,SOC,1702348186
AITFC,9044448,-6.00119,106.925882,17145,2048,1,113.0,362.9,GIA608,B738,PK-GMF,CGK,PLW,1702348187
AITFC,9045559,-6.552367,107.308344,17063,1216,1,100.1,394.1,BTK7309,A320,PK-LUS,HLP,DPS,1702348188
AITFC,9044737,-6.669958,108.724492,27845,0,1,313.5,437.1,CTV775,A320,PK-GLI,YIA,CGK,1702348189
AITFC,9046067,-6.248154,107.50676,26120,1280,1,113.3,435.4,BTK6050,B738,PK-LDP,CGK,DPS,1702348190
AITFC,9045280,-6.593994,107.968931,23988,832,1,100.1,438.8,BTK7513,A320,PK-LAY,HLP,SUB,1702348191
AITFC,9045160,-6.712234,108.62178,26870,0,1,102.6,448.8,CTV762,A320,PK-GQE,CGK,SOC,1702348192
AITFC,9044448,-6.005402,106.935844,17345,2048,1,113.0,363.9,GIA608,B738,PK-GMF,CGK,PLW,1702348193
AITFC,9045559,-6.55426,107.318922,17188,1408,1,100.0,396.1,BTK7309,A320,PK-LUS,HLP,DPS,1702348194
AITFC,9044737,-6.661469,108.715536,27845,0,1,313.6,436.4,CTV775,A320,PK-GLI,YIA,CGK,1702348195
AITFC,9046067,-6.253601,107.519423,26270,1344,1,113.3,437.6,BTK6050,B738,PK-LDP,CGK,DPS,1702348196
AITFC,9045280,-6.596191,107.981174,24088,1088,1,100.1,439.8,BTK7513,A320,PK-LAY,HLP,SUB,1702348197
AITFC,9045160,-6.71489,108.633604,26870,64,1,102.7,449.0,CTV762,A320,PK-GQE,CGK,SOC,1702348198
AITFC,9044448,-6.009109,106.944596,17545,2112,1,112.8,365.7,GIA608,B738,PK-GMF,CGK,PLW,1702348199
AITFC,9045559,-6.556417,107.330838,17363,1920,1,100.1,398.2,BTK7309,A320,PK-LUS,HLP,DPS,1702348200
AITFC,9044737,-6.653246,108.706876,27870,0,1,313.6,435.0,CTV775,A320,PK-GLI,YIA,CGK,1702348201
AITFC,9046067,-6.258576,107.531007,26395,1472,1,113.2,438.6,BTK6050,B738,PK-LDP,CGK,DPS,1702348202
AITFC,9045280,-6.598389,107.993697,24213,1088,1,99.9,440.6,BTK7513,A320,PK-LAY,HLP,SUB,1702348203
AITFC,9045160,-6.718,108.647445,26870,64,1,102.7,449.0,CTV762,A320,PK-GQE,CGK,SOC,1702348205
AITFC,9044448,-6.013199,106.954319,17745,2240,1,112.8,366.6,GIA608,B738,PK-GMF,CGK,PLW,1702348206
AITFC,9045559,-6.558279,107.341398,17563,2304,1,100.3,397.4,BTK7309,A320,PK-LUS,HLP,DPS,1702348207
AITFC,9044737,-6.64444,108.69766,27870,0,1,313.6,435.0,CTV775,A320,PK-GLI,YIA,CGK,1702348208
AITFC,9046067,-6.261462,107.537779,26495,1408,1,113.2,438.6,BTK6050,B738,PK-LDP,CGK,DPS,1702348209
AITFC,9045280,-6.599762,108.001564,24263,1088,1,99.9,441.6,BTK7513,A320,PK-LAY,HLP,SUB,1702348210
AITFC,9045160,-6.720795,108.659627,26870,64,1,102.9,449.3,CTV762,A320,PK-GQE,CGK,SOC,1702348211
AITFC,9044448,-6.017342,106.964406,17975,2112,1,111.5,367.7,GIA608,B738,PK-GMF,CGK,PLW,1702348212
AITFC,9045559,-6.560303,107.352393,17813,2432,1,100.3,397.4,BTK7309,A320,PK-LUS,HLP,DPS,1702348213
AITFC,9044737,-6.636703,108.689373,27870,0,1,312.3,435.4,CTV775,A320,PK-GLI,YIA,CGK,1702348214
AITFC,9046067,-6.268212,107.5535,26645,1472,1,113.2,439.5,BTK6050,B738,PK-LDP,CGK,DPS,1702348215
AITFC,9045280,-6.60255,108.017436,24413,960,1,99.9,441.6,BTK7513,A320,PK-LAY,HLP,SUB,1702348216
AITFC,9045160,-6.7234,108.671028,26895,64,1,102.9,449.3,CTV762,A320,PK-GQE,CGK,SOC,1702348217
AITFC,9044448,-6.02037,106.973877,18150,1728,1,104.7,370.1,GIA608,B738,PK-GMF,CGK,PLW,1702348218
AITFC,9045559,-6.56219,107.362802,18038,2240,1,100.3,396.4,BTK7309,A320,PK-LUS,HLP,DPS,1702348219
AITFC,9044737,-6.628281,108.679551,27870,0,1,309.6,436.1,CTV775,A320,PK-GLI,YIA,CGK,1702348220
AITFC,9046067,-6.273239,107.565137,26825,1536,1,113.2,440.8,BTK6050,B738,PK-LDP,CGK,DPS,1702348221
AITFC,9045280,-6.604832,108.030601,24513,960,1,100.0,442.7,BTK7513,A320,PK-LAY,HLP,SUB,1702348222
AITFC,9045160,-6.726379,108.684067,26870,0,1,102.9,449.3,CTV762,A320,PK-GQE,CGK,SOC,1702348223
AITFC,9044448,-6.022603,106.984342,18325,2176,1,100.9,371.7,GIA608,B738,PK-GMF,CGK,PLW,1702348224
AITFC,9045559,-6.564194,107.373993,18238,1728,1,100.2,397.2,BTK7309,A320,PK-LUS,HLP,DPS,1702348225
AITFC,9044737,-6.620865,108.669915,27870,0,1,306.5,436.8,CTV775,A320,PK-GLI,YIA,CGK,1702348226
AITFC,9046067,-6.277895,107.576089,26950,1344,1,113.2,441.7,BTK6050,B738,PK-LDP,CGK,DPS,1702348227
AITFC,9045280,-6.606995,108.042856,24613,1088,1,100.0,443.7,BTK7513,A320,PK-LAY,HLP,SUB,1702348228
AITFC,9045160,-6.729263,108.696682,26895,64,1,103.0,449.5,CTV762,A320,PK-GQE,CGK,SOC,1702348229
AITFC,9044448,-6.024399,106.994872,18550,2240,1,99.6,372.2,GIA608,B738,PK-GMF,CGK,PLW,1702348230
AITFC,9045559,-6.5661,107.384775,18388,1664,1,100.2,397.2,BTK7309,A320,PK-LUS,HLP,DPS,1702348231
AITFC,9044737,-6.614365,108.660604,27845,0,1,303.5,436.6,CTV775,A320,PK-GLI,YIA,CGK,1702348232
AITFC,9046067,-6.282898,107.587761,27100,1472,1,113.1,442.6,BTK6050,B738,PK-LDP,CGK,DPS,1702348233
AITFC,9045280,-6.609207,108.055367,24738,1216,1,100.0,443.7,BTK7513,A320,PK-LAY,HLP,SUB,1702348234
AITFC,9045160,-6.732468,108.710508,26895,64,1,103.0,448.5,CTV762,A320,PK-GQE,CGK,SOC,1702348235
AITFC,9044448,-6.026187,107.005463,18750,2176,1,99.4,373.0,GIA608,B738,PK-GMF,CGK,PLW,1702348236
AITFC,9045559,-6.568405,107.397456,18588,1664,1,100.4,398.6,BTK7309,A320,PK-LUS,HLP,DPS,1702348237
AITFC,9044737,-6.606787,108.648866,27845,0,1,302.5,436.1,CTV775,A320,PK-GLI,YIA,CGK,1702348238
AITFC,9046067,-6.287904,107.599482,27225,1472,1,113.1,442.6,BTK6050,B738,PK-LDP,CGK,DPS,1702348239
AITFC,9045280,-6.611389,108.067855,24863,1024,1,100.0,443.7,BTK7513,A320,PK-LAY,HLP,SUB,1702348240
AITFC,9045160,-6.734894,108.721076,26895,64,1,103.0,448.5,CTV762,A320,PK-GQE,CGK,SOC,1702348241
AITFC,9044448,-6.02777,107.015076,18950,2176,1,99.4,374.0,GIA608,B738,PK-GMF,CGK,PLW,1702348242
AITFC,9045559,-6.570104,107.406464,18738,1536,1,100.7,399.9,BTK7309,A320,PK-LUS,HLP,DPS,1702348243
AITFC,9044737,-6.60022,108.638445,27845,0,1,302.2,435.0,CTV775,A320,PK-GLI,YIA,CGK,1702348244
AITFC,9046067,-6.293118,107.611558,27375,1536,1,113.1,443.6,BTK6050,B738,PK-LDP,CGK,DPS,1702348245
AITFC,9045280,-6.613358,108.079027,24938,960,1,100.0,444.7,BTK7513,A320,PK-LAY,HLP,SUB,1702348246
AITFC,9045160,-6.737692,108.733252,26895,64,1,103.0,448.5,CTV762,A320,PK-GQE,CGK,SOC,1702348247
AITFC,9044448,-6.029539,107.026062,19150,2176,1,99.2,374.8,GIA608,B738,PK-GMF,CGK,PLW,1702348248
AITFC,9045559,-6.572617,107.419297,18913,1536,1,101.1,400.5,BTK7309,A320,PK-LUS,HLP,DPS,1702348249
AITFC,9044737,-6.593948,108.62853,27870,0,1,302.1,434.5,CTV775,A320,PK-GLI,YIA,CGK,1702348250
AITFC,9046067,-6.297959,107.622923,27525,1600,1,113.1,443.6,BTK6050,B738,PK-LDP,CGK,DPS,1702348251
AITFC,9045280,-6.615818,108.093014,25063,1088,1,99.9,445.7,BTK7513,A320,PK-LAY,HLP,SUB,1702348252
AITFC,9045160,-6.740707,108.746214,26920,64,1,103.0,447.5,CTV762,A320,PK-GQE,CGK,SOC,1702348253
AITFC,9044448,-6.031354,107.037048,19375,2048,1,99.2,375.8,GIA608,B738,PK-GMF,CGK,PLW,1702348254
AITFC,9045559,-6.574905,107.430741,19063,1664,1,101.3,401.8,BTK7309,A320,PK-LUS,HLP,DPS,1702348255
AITFC,9044737,-6.587494,108.618242,27870,0,1,302.1,434.5,CTV775,A320,PK-GLI,YIA,CGK,1702348256
AITFC,9046067,-6.302994,107.634686,27650,1408,1,113.1,443.6,BTK6050,B738,PK-LDP,CGK,DPS,1702348257
AITFC,9045280,-6.618027,108.105329,25163,1088,1,99.9,445.7,BTK7513,A320,PK-LAY,HLP,SUB,1702348258
AITFC,9045160,-6.7435,108.758364,26920,64,1,103.0,447.5,CTV762,A320,PK-GQE,CGK,SOC,1702348259
AITFC,9044448,-6.03303,107.047419,19550,2048,1,99.3,377.0,GIA608,B738,PK-GMF,CGK,PLW,1702348260
AITFC,9045559,-6.577086,107.441648,19238,1600,1,101.2,402.6,BTK7309,A320,PK-LUS,HLP,DPS,1702348261
AITFC,9044737,-6.580531,108.607146,27870,0,1,302.2,435.0,CTV775,A320,PK-GLI,YIA,CGK,1702348262
AITFC,9046067,-6.307526,107.6453,27775,1536,1,113.0,444.5,BTK6050,B738,PK-LDP,CGK,DPS,1702348264
AITFC,9045280,-6.620101,108.117307,25263,832,1,99.9,446.7,BTK7513,A320,PK-LAY,HLP,SUB,1702348265
AITFC,9045160,-6.7435,108.758364,26920,64,1,103.0,447.5,CTV762,A320,PK-GQE,CGK,SOC,1702348266
AITFC,9046213,-6.272507,106.553464,9295,2880,1,111.4,263.1,SJV734,A320,PK-SAA,CGK,DPS,1702348267
AITFC,9044448,-6.035065,107.059487,19800,2176,1,99.3,377.0,GIA608,B738,PK-GMF,CGK,PLW,1702348268
AITFC,9045559,-6.579666,107.454994,19413,1472,1,101.0,404.4,BTK7309,A320,PK-LUS,HLP,DPS,1702348269
AITFC,9044737,-6.572943,108.595213,27870,0,1,302.5,435.3,CTV775,A320,PK-GLI,YIA,CGK,1702348270
AITFC,9046067,-6.313508,107.659339,27950,1472,1,113.2,444.9,BTK6050,B738,PK-LDP,CGK,DPS,1702348271
AITFC,9045280,-6.622708,108.132272,25363,512,1,99.9,448.7,BTK7513,A320,PK-LAY,HLP,SUB,1702348272
AITFC,9045160,-6.7435,108.758364,26920,64,1,103.0,447.5,CTV762,A320,PK-GQE,CGK,SOC,1702348273
AITFC,9046213,-6.275436,106.561564,9595,2496,1,109.4,265.0,SJV734,A320,PK-SAA,CGK,DPS,1702348274
AITFC,9044448,-6.037127,107.072328,20025,2048,1,99.1,378.8,GIA608,B738,PK-GMF,CGK,PLW,1702348275
AITFC,9045559,-6.581928,107.466746,19563,1472,1,100.8,405.2,BTK7309,A320,PK-LUS,HLP,DPS,1702348276
AITFC,9044737,-6.568268,108.58789,27900,0,1,302.5,435.3,CTV775,A320,PK-GLI,YIA,CGK,1702348277
AITFC,9045971,-8.298294,108.456566,38012,0,1,321.8,473.5,GIA717,A339,PK-GHE,MEL,CGK,1702348278
AITFC,9046067,-6.32016,107.674954,28125,1600,1,113.1,445.8,BTK6050,B738,PK-LDP,CGK,DPS,1702348279
AITFC,9045280,-6.625547,108.148372,25413,256,1,99.9,451.8,BTK7513,A320,PK-LAY,HLP,SUB,1702348280
AITFC,9045160,-6.7435,108.758364,26920,64,1,103.0,447.5,CTV762,A320,PK-GQE,CGK,SOC,1702348281
AITFC,9046213,-6.278687,106.571014,9920,2432,1,108.5,267.8,SJV734,A320,PK-SAA,CGK,DPS,1702348282
AITFC,9044448,-6.039276,107.085882,20250,1920,1,98.9,379.6,GIA608,B738,PK-GMF,CGK,PLW,1702348283
AITFC,9045559,-6.584656,107.481669,19788,1664,1,100.3,406.6,BTK7309,A320,PK-LUS,HLP,DPS,1702348284
AITFC,9044737,-6.557022,108.570351,27900,0,1,302.8,435.5,CTV775,A320,PK-GLI,YIA,CGK,1702348285
AITFC,9045971,-8.285751,108.446604,38012,0,1,321.8,472.1,GIA717,A339,PK-GHE,MEL,CGK,1702348286
AITFC,9046067,-6.326496,107.689788,28325,1280,1,113.1,445.8,BTK6050,B738,PK-LDP,CGK,DPS,1702348287
AITFC,9045280,-6.628555,108.165475,25463,704,1,100.0,453.9,BTK7513,A320,PK-LAY,HLP,SUB,1702348288
AITFC,9046213,-6.281712,106.580311,10220,1984,1,108.0,271.3,SJV734,A320,PK-SAA,CGK,DPS,1702348290
AITFC,9044448,-6.041549,107.10022,20475,1728,1,98.9,381.6,GIA608,B738,PK-GMF,CGK,PLW,1702348291
AITFC,9045559,-6.587607,107.498143,20038,1984,1,100.1,406.3,BTK7309,A320,PK-LUS,HLP,DPS,1702348292
AITFC,9044737,-6.547572,108.555766,27900,0,1,302.9,434.7,CTV775,A320,PK-GLI,YIA,CGK,1702348293
AITFC,9045971,-8.271355,108.435248,38012,-64,1,321.8,472.1,GIA717,A339,PK-GHE,MEL,CGK,1702348294
AITFC,9046067,-6.333479,107.706125,28525,1792,1,113.2,444.9,BTK6050,B738,PK-LDP,CGK,DPS,1702348295
AITFC,9045280,-6.631459,108.182042,25588,1024,1,100.0,454.9,BTK7513,A320,PK-LAY,HLP,SUB,1702348296
AITFC,9046213,-6.284134,106.58768,10420,1088,1,108.4,279.2,SJV734,A320,PK-SAA,CGK,DPS,1702348297
AITFC,9044448,-6.043412,107.112153,20675,1728,1,98.8,383.6,GIA608,B738,PK-GMF,CGK,PLW,1702348298
AITFC,9045559,-6.589842,107.510786,20263,1856,1,99.9,406.1,BTK7309,A320,PK-LUS,HLP,DPS,1702348299
AITFC,9044737,-6.540436,108.544736,27900,0,1,302.9,434.7,CTV775,A320,PK-GLI,YIA,CGK,1702348300
AITFC,9045971,-8.258786,108.425303,38012,0,1,321.7,471.3,GIA717,A339,PK-GHE,MEL,CGK,1702348301
AITFC,9046067,-6.338879,107.718674,28650,960,1,113.1,445.8,BTK6050,B738,PK-LDP,CGK,DPS,1702348302
AITFC,9046238,-6.107712,108.794349,34495,-1344,1,275.5,457.1,SJV751,,,DPS,CGK,1702348303
AITFC,9045280,-6.634439,108.19871,25713,1024,1,100.1,456.1,BTK7513,A320,PK-LAY,HLP,SUB,1702348304
AITFC,9046213,-6.287997,106.599205,10545,768,1,108.9,289.7,SJV734,A320,PK-SAA,CGK,DPS,1702348305
AITFC,9044448,-6.045739,107.126928,20875,1536,1,98.9,385.7,GIA608,B738,PK-GMF,CGK,PLW,1702348306
AITFC,9045559,-6.592438,107.52594,20488,1408,1,99.8,406.9,BTK7309,A320,PK-LUS,HLP,DPS,1702348307
AITFC,9044737,-6.531006,108.530165,27900,0,1,303.0,435.2,CTV775,A320,PK-GLI,YIA,CGK,1702348308
AITFC,9045971,-8.245331,108.414622,38012,0,1,321.7,471.3,GIA717,A339,PK-GHE,MEL,CGK,1702348309
AITFC,9046067,-6.345908,107.735106,28800,1536,1,113.2,447.1,BTK6050,B738,PK-LDP,CGK,DPS,1702348310
AITFC,9046238,-6.106071,108.777955,34295,-1792,1,275.5,458.1,SJV751,,,DPS,CGK,1702348311
AITFC,9045280,-6.637161,108.214261,25813,960,1,100.1,456.1,BTK7513,A320,PK-LAY,HLP,SUB,1702348312
AITFC,9046213,-6.29155,106.609373,10645,768,1,109.6,301.4,SJV734,A320,PK-SAA,CGK,DPS,1702348313
AITFC,9044448,-6.047974,107.141134,21050,1664,1,99.0,387.8,GIA608,B738,PK-GMF,CGK,PLW,1702348314
AITFC,9045559,-6.595056,107.541378,20663,1408,1,99.6,407.7,BTK7309,A320,PK-LUS,HLP,DPS,1702348315
AITFC,9044737,-6.522217,108.516618,27900,0,1,303.0,435.2,CTV775,A320,PK-GLI,YIA,CGK,1702348316
AITFC,9045971,-8.229924,108.402431,38012,0,1,321.7,471.3,GIA717,A339,PK-GHE,MEL,CGK,1702348317
AITFC,9046067,-6.352425,107.750355,28975,1344,1,113.2,447.1,BTK6050,B738,PK-LDP,CGK,DPS,1702348318
AITFC,9046292,-5.997116,106.595966,9167,2496,1,82.0,300.9,PAS102,A320,PK-PWA,CGK,DPS,1702348319
AITFC,9046238,-6.103958,108.756269,33945,-2432,1,275.5,459.1,SJV751,,,DPS,CGK,1702348320
AITFC,9045280,-6.641049,108.236073,25988,896,1,100.1,457.1,BTK7513,A320,PK-LAY,HLP,SUB,1702348321
AITFC,9046213,-6.296237,106.622409,10770,832,1,109.9,313.8,SJV734,A320,PK-SAA,CGK,DPS,1702348322
AITFC,9044448,-6.050674,107.157851,21325,1984,1,99.2,388.0,GIA608,B738,PK-GMF,CGK,PLW,1702348323
AITFC,9045559,-6.597977,107.558713,20888,1344,1,99.6,409.7,BTK7309,A320,PK-LUS,HLP,DPS,1702348324
AITFC,9044737,-6.511642,108.500325,27900,0,1,302.9,436.0,CTV775,A320,PK-GLI,YIA,CGK,1702348325
AITFC,9045971,-8.214654,108.390356,38012,0,1,321.8,470.7,GIA717,A339,PK-GHE,MEL,CGK,1702348327
AITFC,9046067,-6.359827,107.767544,29175,1408,1,113.1,448.0,BTK6050,B738,PK-LDP,CGK,DPS,1702348328
AITFC,9046292,-5.995463,106.607871,9517,1984,1,82.0,302.9,PAS102,A320,PK-PWA,CGK,DPS,1702348329
AITFC,9046238,-6.10199,108.736438,33570,-2624,1,275.6,460.2,SJV751,,,DPS,CGK,1702348330
AITFC,9045280,-6.644302,108.254389,26138,1216,1,99.9,457.9,BTK7513,A320,PK-LAY,HLP,SUB,1702348331
AITFC,9046213,-6.300934,106.635349,10920,832,1,110.1,325.9,SJV734,A320,PK-SAA,CGK,DPS,1702348332
AITFC,9044448,-6.053329,107.174284,21575,1728,1,99.3,390.1,GIA608,B738,PK-GMF,CGK,PLW,1702348333
AITFC,9045559,-6.600828,107.57571,21138,1728,1,99.4,409.5,BTK7309,A320,PK-LUS,HLP,DPS,1702348334
AITFC,9044737,-6.501709,108.485009,27900,0,1,302.9,436.9,CTV775,A320,PK-GLI,YIA,CGK,1702348335
AITFC,9045971,-8.198547,108.377617,38012,0,1,321.7,469.9,GIA717,A339,PK-GHE,MEL,CGK,1702348336
AITFC,9046067,-6.367508,107.785539,29350,1216,1,113.1,448.9,BTK6050,B738,PK-LDP,CGK,DPS,1702348337
AITFC,9046292,-5.993546,106.621383,9792,1792,1,82.0,308.0,PAS102,A320,PK-PWA,CGK,DPS,1702348338
AITFC,9046238,-6.100252,108.718525,33220,-2304,1,275.5,460.1,SJV751,,,DPS,CGK,1702348339
AITFC,9045280,-6.647566,108.272916,26313,1088,1,99.9,457.9,BTK7513,A320,PK-LAY,HLP,SUB,1702348340
AITFC,9046213,-6.30564,106.64817,11020,704,1,110.3,337.9,SJV734,A320,PK-SAA,CGK,DPS,1702348341
AITFC,9044448,-6.055934,107.190383,21850,2048,1,99.3,391.1,GIA608,B738,PK-GMF,CGK,PLW,1702348342
AITFC,9045559,-6.603435,107.591668,21363,1728,1,99.4,410.5,BTK7309,A320,PK-LUS,HLP,DPS,1702348343
AITFC,9044737,-6.491821,108.469647,27875,0,1,302.9,436.9,CTV775,A320,PK-GLI,YIA,CGK,1702348344
AITFC,9045971,-8.183651,108.365826,38012,0,1,321.7,469.9,GIA717,A339,PK-GHE,MEL,CGK,1702348345
AITFC,9046067,-6.37505,107.803203,29525,1280,1,113.2,449.3,BTK6050,B738,PK-LDP,CGK,DPS,1702348346
AITFC,9046292,-5.991692,106.634674,10092,2176,1,82.1,311.0,PAS102,A320,PK-PWA,CGK,DPS,1702348347
AITFC,9046238,-6.09825,108.697783,32895,-2240,1,275.5,459.1,SJV751,,,DPS,CGK,1702348348
AITFC,9045280,-6.651031,108.292702,26463,1152,1,99.9,457.9,BTK7513,A320,PK-LAY,HLP,SUB,1702348349
AITFC,9046213,-6.310913,106.662489,11262,640,1,110.4,350.0,SJV734,A320,PK-SAA,CGK,DPS,1702348350
AITFC,9044448,-6.05864,107.206498,22100,1600,1,99.5,392.4,GIA608,B738,PK-GMF,CGK,PLW,1702348351
AITFC,9045559,-6.606647,107.611037,21663,1792,1,99.4,409.5,BTK7309,A320,PK-LUS,HLP,DPS,1702348352
AITFC,9044737,-6.481476,108.453679,27900,0,1,302.9,436.0,CTV775,A320,PK-GLI,YIA,CGK,1702348353
AITFC,9045971,-8.168242,108.353656,38012,0,1,321.8,469.3,GIA717,A339,PK-GHE,MEL,CGK,1702348354
AITFC,9046067,-6.382782,107.821267,29700,1152,1,113.1,451.2,BTK6050,B738,PK-LDP,CGK,DPS,1702348355
AITFC,9046292,-5.989783,106.648075,10367,1344,1,82.0,316.1,PAS102,A320,PK-PWA,CGK,DPS,1702348356
AITFC,9046238,-6.096481,108.679315,32595,-2240,1,275.4,458.0,SJV751,,,DPS,CGK,1702348357
AITFC,9045280,-6.654602,108.312812,26638,1024,1,100.0,456.9,BTK7513,A320,PK-LAY,HLP,SUB,1702348358
AITFC,9046213,-6.315649,106.675589,11337,768,1,108.8,360.2,SJV734,A320,PK-SAA,CGK,DPS,1702348359
AITFC,9044448,-6.06152,107.223437,22325,1664,1,99.8,393.7,GIA608,B738,PK-GMF,CGK,PLW,1702348360
AITFC,9045160,-6.790604,108.963613,26845,0,1,102.9,446.3,CTV762,A320,PK-GQE,CGK,SOC,1702348361
AITFC,9045559,-6.609719,107.629647,21938,1344,1,99.3,410.3,BTK7309,A320,PK-LUS,HLP,DPS,1702348362
AITFC,9044737,-6.470032,108.43599,27900,0,1,302.8,435.5,CTV775,A320,PK-GLI,YIA,CGK,1702348363
AITFC,9045971,-8.150878,108.340112,38012,-64,1,322.6,469.4,GIA717,A339,PK-GHE,MEL,CGK,1702348364
AITFC,9046067,-6.391022,107.84054,29875,1216,1,113.0,452.1,BTK6050,B738,PK-LDP,CGK,DPS,1702348365
AITFC,9046292,-5.989151,106.65248,10517,896,1,82.0,322.2,PAS102,A320,PK-PWA,CGK,DPS,1702348366
AITFC,9046238,-6.094526,108.65881,32270,-2176,1,275.4,457.0,SJV751,,,DPS,CGK,1702348367
AITFC,9045280,-6.65832,108.334051,26788,576,1,99.9,457.9,BTK7513,A320,PK-LAY,HLP,SUB,1702348368
AITFC,9046213,-6.320537,106.692589,11537,1664,1,103.6,369.4,SJV734,A320,PK-SAA,CGK,DPS,1702348369
AITFC,9044448,-6.064639,107.241479,22550,1472,1,99.9,396.9,GIA608,B738,PK-GMF,CGK,PLW,1702348370
AITFC,9045160,-6.795456,108.984654,26845,0,1,102.9,446.3,CTV762,A320,PK-GQE,CGK,SOC,1702348371
AITFC,9045559,-6.612885,107.649252,22138,1088,1,99.1,412.2,BTK7309,A320,PK-LUS,HLP,DPS,1702348372
AITFC,9044737,-6.459868,108.420189,27900,0,1,302.8,435.5,CTV775,A320,PK-GLI,YIA,CGK,1702348373
AITFC,9045971,-8.131978,108.3269,38012,64,1,326.3,468.7,GIA717,A339,PK-GHE,MEL,CGK,1702348374
AITFC,9046067,-6.399443,107.860265,30050,1024,1,113.1,453.4,BTK6050,B738,PK-LDP,CGK,DPS,1702348375
AITFC,9046292,-5.98727,106.665928,10567,832,1,82.0,329.2,PAS102,A320,PK-PWA,CGK,DPS,1702348376
AITFC,9046238,-6.092239,108.635047,31895,-2112,1,275.5,455.1,SJV751,,,DPS,CGK,1702348377
AITFC,9045280,-6.661998,108.355029,26888,640,1,99.9,459.8,BTK7513,A320,PK-LAY,HLP,SUB,1702348378
AITFC,9046213,-6.324326,106.710159,11887,2688,1,101.6,371.6,SJV734,A320,PK-SAA,CGK,DPS,1702348380
AITFC,9044448,-6.067841,107.26008,22775,1408,1,99.7,399.7,GIA608,B738,PK-GMF,CGK,PLW,1702348381
AITFC,9045160,-6.799885,109.004027,26870,64,1,102.9,446.3,CTV762,A320,PK-GQE,CGK,SOC,1702348382
AITFC,9045559,-6.615957,107.668667,22338,1088,1,99.0,415.1,BTK7309,A320,PK-LUS,HLP,DPS,1702348383
AITFC,9044737,-6.448416,108.402526,27900,0,1,302.9,436.0,CTV775,A320,PK-GLI,YIA,CGK,1702348384
AITFC,9045971,-8.112565,108.315298,38012,0,1,330.5,468.9,GIA717,A339,PK-GHE,MEL,CGK,1702348385
AITFC,9046067,-6.407729,107.879681,30225,1088,1,113.1,455.6,BTK6050,B738,PK-LDP,CGK,DPS,1702348386
AITFC,9046292,-5.983521,106.692981,10867,1024,1,82.0,344.4,PAS102,A320,PK-PWA,CGK,DPS,1702348387
AITFC,9046238,-6.090383,108.615812,31570,-2176,1,275.4,454.0,SJV751,,,DPS,CGK,1702348388
AITFC,9045280,-6.665629,108.375912,27038,1024,1,99.9,460.8,BTK7513,A320,PK-LAY,HLP,SUB,1702348389
AITFC,9046213,-6.327805,106.727057,12412,3392,1,101.6,368.5,SJV734,A320,PK-SAA,CGK,DPS,1702348390
AITFC,9044448,-6.071091,107.279167,23000,1472,1,99.7,402.8,GIA608,B738,PK-GMF,CGK,PLW,1702348391
AITFC,9045160,-6.804727,109.025005,26870,64,1,103.0,445.4,CTV762,A320,PK-GQE,CGK,SOC,1702348392
AITFC,9045559,-6.618988,107.687476,22513,1280,1,99.3,416.4,BTK7309,A320,PK-LUS,HLP,DPS,1702348393
AITFC,9044737,-6.44101,108.391113,27800,-768,1,303.0,437.4,CTV775,A320,PK-GLI,YIA,CGK,1702348394
AITFC,9045971,-8.092781,108.305212,38012,0,1,333.9,467.8,GIA717,A339,PK-GHE,MEL,CGK,1702348395
AITFC,9046067,-6.416245,107.899568,30375,1024,1,113.2,456.9,BTK6050,B738,PK-LDP,CGK,DPS,1702348396
AITFC,9046292,-5.981049,106.710345,11017,896,1,81.9,354.5,PAS102,A320,PK-PWA,CGK,DPS,1702348397
AITFC,9046238,-6.088288,108.593982,31220,-2112,1,275.4,453.0,SJV751,,,DPS,CGK,1702348398
AITFC,9045280,-6.669399,108.397459,27188,704,1,100.0,461.0,BTK7513,A320,PK-LAY,HLP,SUB,1702348399
AITFC,9046213,-6.331197,106.743732,12887,2496,1,101.6,367.5,SJV734,A320,PK-SAA,CGK,DPS,1702348400
AITFC,9044448,-6.074432,107.297648,23225,1344,1,102.1,405.0,GIA608,B738,PK-GMF,CGK,PLW,1702348401
AITFC,9045160,-6.809754,109.046836,26870,0,1,103.0,445.4,CTV762,A320,PK-GQE,CGK,SOC,1702348402
AITFC,9045559,-6.622238,107.707168,22738,1344,1,99.3,418.6,BTK7309,A320,PK-LUS,HLP,DPS,1702348403
AITFC,9044737,-6.425931,108.367815,27625,-960,1,302.9,436.0,CTV775,A320,PK-GLI,YIA,CGK,1702348404
AITFC,9045971,-8.074067,108.297114,38012,0,1,337.9,468.3,GIA717,A339,PK-GHE,MEL,CGK,1702348405
AITFC,9046067,-6.424767,107.919506,30500,896,1,113.2,460.1,BTK6050,B738,PK-LDP,CGK,DPS,1702348406
AITFC,9046292,-5.980938,106.711152,11163,896,1,81.9,356.5,PAS102,A320,PK-PWA,CGK,DPS,1702348407
AITFC,9046238,-6.08638,108.573831,30895,-2176,1,275.5,451.1,SJV751,,,DPS,CGK,1702348408
AITFC,9045280,-6.673187,108.419138,27313,832,1,100.0,462.0,BTK7513,A320,PK-LAY,HLP,SUB,1702348409
AITFC,9046213,-6.335015,106.762153,13287,1920,1,101.7,370.7,SJV734,A320,PK-SAA,CGK,DPS,1702348410
AITFC,9044448,-6.080017,107.316408,23450,1856,1,108.3,406.7,GIA608,B738,PK-GMF,CGK,PLW,1702348411
AITFC,9045160,-6.813812,109.064585,26870,0,1,103.0,445.4,CTV762,A320,PK-GQE,CGK,SOC,1702348412
AITFC,9045559,-6.625454,107.726488,22963,1344,1,99.6,418.9,BTK7309,A320,PK-LUS,HLP,DPS,1702348413
AITFC,9044737,-6.414597,108.350334,27475,-896,1,302.9,434.7,CTV775,A320,PK-GLI,YIA,CGK,1702348414
AITFC,9045971,-8.051908,108.289253,38012,64,1,341.7,468.7,GIA717,A339,PK-GHE,MEL,CGK,1702348415
AITFC,9046067,-6.433519,107.939964,30675,896,1,113.1,461.0,BTK6050,B738,PK-LDP,CGK,DPS,1702348416
AITFC,9046292,-5.980938,106.711152,11163,896,1,81.9,356.5,PAS102,A320,PK-PWA,CGK,DPS,1702348417
AITFC,9046238,-6.084091,108.549996,30575,-2176,1,275.5,450.1,SJV751,,,DPS,CGK,1702348418
AITFC,9045280,-6.677081,108.441262,27463,768,1,100.0,463.0,BTK7513,A320,PK-LAY,HLP,SUB,1702348419
AITFC,9046213,-6.338506,106.77887,13637,2176,1,101.8,371.8,SJV734,A320,PK-SAA,CGK,DPS,1702348420
AITFC,9044448,-6.08596,107.333963,23700,1472,1,109.2,407.7,GIA608,B738,PK-GMF,CGK,PLW,1702348421
AITFC,9045160,-6.819158,109.087987,26870,-64,1,102.9,446.3,CTV762,A320,PK-GQE,CGK,SOC,1702348422
AITFC,9045559,-6.628852,107.746282,23188,1088,1,99.7,421.0,BTK7309,A320,PK-LUS,HLP,DPS,1702348423
AITFC,9044737,-6.403427,108.333016,27325,-1024,1,302.9,434.7,CTV775,A320,PK-GLI,YIA,CGK,1702348424
AITFC,9045971,-8.031146,108.283476,38012,0,1,345.4,469.1,GIA717,A339,PK-GHE,MEL,CGK,1702348425
AITFC,9046067,-6.441833,107.959295,30800,1088,1,113.2,463.6,BTK6050,B738,PK-LDP,CGK,DPS,1702348426
AITFC,9046292,-5.980938,106.711152,11163,896,1,81.9,356.5,PAS102,A320,PK-PWA,CGK,DPS,1702348427
AITFC,9046238,-6.082169,108.530817,30250,-2112,1,275.6,449.2,SJV751,,,DPS,CGK,1702348428
AITFC,9045280,-6.680786,108.462385,27563,704,1,99.9,463.9,BTK7513,A320,PK-LAY,HLP,SUB,1702348429
AITFC,9046213,-6.342091,106.796202,13987,1984,1,101.5,374.6,SJV734,A320,PK-SAA,CGK,DPS,1702348430
AITFC,9044448,-6.092943,107.352432,23950,1600,1,111.9,409.6,GIA608,B738,PK-GMF,CGK,PLW,1702348431
AITFC,9045160,-6.823425,109.106621,26870,0,1,102.8,446.1,CTV762,A320,PK-GQE,CGK,SOC,1702348432
AITFC,9045559,-6.632158,107.765461,23338,832,1,99.9,423.3,BTK7309,A320,PK-LUS,HLP,DPS,1702348433
AITFC,9044737,-6.3918,108.315093,27150,-960,1,302.8,433.3,CTV775,A320,PK-GLI,YIA,CGK,1702348434
AITFC,9045971,-8.008621,108.278829,38012,0,1,349.8,469.4,GIA717,A339,PK-GHE,MEL,CGK,1702348435
AITFC,9046067,-6.450837,107.98031,30975,960,1,113.2,464.6,BTK6050,B738,PK-LDP,CGK,DPS,1702348436
AITFC,9046238,-6.080017,108.509123,29900,-2048,1,275.6,447.2,SJV751,,,DPS,CGK,1702348438
AITFC,9045280,-6.684622,108.484213,27688,768,1,100.0,465.1,BTK7513,A320,PK-LAY,HLP,SUB,1702348440
AITFC,9046213,-6.345582,106.813297,14337,1984,1,101.5,376.5,SJV734,A320,PK-SAA,CGK,DPS,1702348441
AITFC,9046214,-6.180042,106.401404,9920,2432,1,335.6,297.6,SJV922,A320,PK-SAE,CGK,PLM,1702348442
AITFC,9044448,-6.101602,107.371942,24175,1216,1,115.3,412.4,GIA608,B738,PK-GMF,CGK,PLW,1702348443
AITFC,9045160,-6.828964,109.130875,26870,0,1,102.8,446.1,CTV762,A320,PK-GQE,CGK,SOC,1702348444
AITFC,9045559,-6.636115,107.787481,23488,768,1,100.2,427.8,BTK7309,A320,PK-LUS,HLP,DPS,1702348445
AITFC,9044737,-6.379807,108.296519,26975,-1024,1,302.9,432.4,CTV775,A320,PK-GLI,YIA,CGK,1702348446
AITFC,9045971,-7.984128,108.275615,38012,0,1,353.9,469.7,GIA717,A339,PK-GHE,MEL,CGK,1702348447
AITFC,9046067,-6.460333,108.002567,31125,960,1,113.1,466.4,BTK6050,B738,PK-LDP,CGK,DPS,1702348448
AITFC,9046238,-6.077953,108.488049,29575,-2048,1,275.5,446.1,SJV751,,,DPS,CGK,1702348449
AITFC,9045280,-6.688393,108.505523,27838,832,1,100.0,466.1,BTK7513,A320,PK-LAY,HLP,SUB,1702348450
AITFC,9046213,-6.34926,106.831386,14712,2176,1,101.5,377.5,SJV734,A320,PK-SAA,CGK,DPS,1702348451
AITFC,9046214,-6.173572,106.398515,10295,2048,1,336.2,301.8,SJV922,A320,PK-SAE,CGK,PLM,1702348452
AITFC,9044448,-6.109516,107.388611,24400,1408,1,115.4,415.1,GIA608,B738,PK-GMF,CGK,PLW,1702348453
AITFC,9045160,-6.833217,109.149454,26870,0,1,102.9,446.3,CTV762,A320,PK-GQE,CGK,SOC,1702348454
AITFC,9045559,-6.639725,107.807628,23638,1024,1,100.3,430.9,BTK7309,A320,PK-LUS,HLP,DPS,1702348455
AITFC,9044737,-6.368812,108.279545,26800,-1024,1,302.9,431.0,CTV775,A320,PK-GLI,YIA,CGK,1702348456
AITFC,9045971,-7.962204,108.274267,38012,0,1,357.8,470.3,GIA717,A339,PK-GHE,MEL,CGK,1702348457
AITFC,9046067,-6.468704,108.022094,31275,1024,1,113.2,467.7,BTK6050,B738,PK-LDP,CGK,DPS,1702348458
AITFC,9046238,-6.075897,108.466435,29250,-1984,1,275.4,444.0,SJV751,,,DPS,CGK,1702348459
AITFC,9045280,-6.69223,108.527372,27938,512,1,100.0,467.1,BTK7513,A320,PK-LAY,HLP,SUB,1702348460
AITFC,9046213,-6.352844,106.849024,15012,1600,1,101.5,380.7,SJV734,A320,PK-SAA,CGK,DPS,1702348461
AITFC,9046316,-5.641937,106.501186,34870,-64,1,148.5,469.1,SJV935,A320,PK-SGB,,,1702348462
AITFC,9046214,-6.149039,106.387576,10520,1088,1,335.9,313.3,SJV922,A320,PK-SAE,CGK,PLM,1702348463
AITFC,9044448,-6.109516,107.388611,24400,1408,1,115.5,415.5,GIA608,B738,PK-GMF,CGK,PLW,1702348464
AITFC,9045160,-6.838896,109.174126,26870,64,1,102.9,446.3,CTV762,A320,PK-GQE,CGK,SOC,1702348465
AITFC,9046292,-5.966034,106.827424,13163,1600,1,89.4,376.0,PAS102,A320,PK-PWA,CGK,DPS,1702348466
AITFC,9045559,-6.644073,107.831323,23863,1088,1,100.4,433.1,BTK7309,A320,PK-LUS,HLP,DPS,1702348467
AITFC,9044737,-6.355499,108.258905,26600,-1024,1,302.8,428.3,CTV775,A320,PK-GLI,YIA,CGK,1702348468
AITFC,9045971,-7.935946,108.274573,38012,0,1,1.8,470.2,GIA717,A339,PK-GHE,MEL,CGK,1702348469
AITFC,9046067,-6.479466,108.047317,31475,1088,1,113.1,469.6,BTK6050,B738,PK-LDP,CGK,DPS,1702348470
AITFC,9046238,-6.072646,108.441404,29000,-1024,1,281.0,439.1,SJV751,,,DPS,CGK,1702348471
AITFC,9045280,-6.696679,108.552783,28063,704,1,99.9,469.0,BTK7513,A320,PK-LAY,HLP,SUB,1702348472
AITFC,9046213,-6.357056,106.869693,15412,2432,1,101.6,381.8,SJV734,A320,PK-SAA,CGK,DPS,1702348473
AITFC,9046316,-5.641937,106.501186,34870,-64,1,148.5,469.1,SJV935,A320,PK-SGB,,,1702348474
AITFC,9046214,-6.132935,106.380382,10720,1024,1,335.9,326.3,SJV922,A320,PK-SAE,CGK,PLM,1702348475
AITFC,9044448,-6.109516,107.388611,24400,1408,1,115.5,415.5,GIA608,B738,PK-GMF,CGK,PLW,1702348476
AITFC,9045160,-6.844254,109.197584,26870,0,1,102.9,446.3,CTV762,A320,PK-GQE,CGK,SOC,1702348477
AITFC,9046292,-5.969193,106.84786,13563,1920,1,104.5,375.9,PAS102,A320,PK-PWA,CGK,DPS,1702348478
AITFC,9045559,-6.648544,107.855672,24063,1024,1,100.5,435.2,BTK7309,A320,PK-LUS,HLP,DPS,1702348479
AITFC,9044737,-6.342407,108.238608,26400,-1024,1,302.9,425.2,CTV775,A320,PK-GLI,YIA,CGK,1702348480
AITFC,9045971,-7.9086,108.275617,38012,0,1,2.2,469.3,GIA717,A339,PK-GHE,MEL,CGK,1702348481
AITFC,9046067,-6.489578,108.07102,31675,896,1,113.1,470.9,BTK6050,B738,PK-LDP,CGK,DPS,1702348482
AITFC,9046238,-6.066559,108.41965,28875,-576,1,289.7,436.5,SJV751,,,DPS,CGK,1702348483
AITFC,9045280,-6.70152,108.580722,28213,640,1,99.4,470.3,BTK7513,A320,PK-LAY,HLP,SUB,1702348484
AITFC,9046213,-6.361404,106.890642,15912,2240,1,101.7,380.9,SJV734,A320,PK-SAA,CGK,DPS,1702348485
AITFC,9046214,-6.115707,106.372707,10945,1088,1,335.8,339.7,SJV922,A320,PK-SAE,CGK,PLM,1702348487
AITFC,9045160,-6.850162,109.22347,26870,-64,1,102.8,447.1,CTV762,A320,PK-GQE,CGK,SOC,1702348489
AITFC,9046292,-5.975352,106.86444,13988,2112,1,112.4,375.3,PAS102,A320,PK-PWA,CGK,DPS,1702348490
AITFC,9045559,-6.653,107.879504,24288,1216,1,100.5,437.4,BTK7309,A320,PK-LUS,HLP,DPS,1702348491
AITFC,9044737,-6.329242,108.218268,26225,-960,1,302.9,423.0,CTV775,A320,PK-GLI,YIA,CGK,1702348492
AITFC,9045971,-7.883435,108.276562,38012,0,1,2.2,469.3,GIA717,A339,PK-GHE,MEL,CGK,1702348493
AITFC,9046067,-6.499878,108.095134,31875,1152,1,113.1,470.9,BTK6050,B738,PK-LDP,CGK,DPS,1702348494
AITFC,9046238,-6.056027,108.395612,28725,-1152,1,295.5,434.3,SJV751,,,DPS,CGK,1702348495
AITFC,9045280,-6.705384,108.60601,28338,704,1,98.5,471.2,BTK7513,A320,PK-LAY,HLP,SUB,1702348496
AITFC,9046213,-6.365753,106.912009,16287,1536,1,101.6,383.8,SJV734,A320,PK-SAA,CGK,DPS,1702348498
AITFC,9046214,-6.09938,106.365346,11120,1024,1,335.7,350.0,SJV922,A320,PK-SAE,CGK,PLM,1702348499
AITFC,9045160,-6.854874,109.244136,26870,0,1,102.8,447.1,CTV762,A320,PK-GQE,CGK,SOC,1702348500
AITFC,9046292,-5.983406,106.883571,14263,1664,1,113.0,376.9,PAS102,A320,PK-PWA,CGK,DPS,1702348501
AITFC,9045559,-6.656737,107.899617,24513,1408,1,100.5,438.4,BTK7309,A320,PK-LUS,HLP,DPS,1702348502
AITFC,9044737,-6.318512,108.201692,26075,-960,1,302.9,420.2,CTV775,A320,PK-GLI,YIA,CGK,1702348503
AITFC,9045971,-7.860392,108.277462,38012,0,1,2.2,468.3,GIA717,A339,PK-GHE,MEL,CGK,1702348504
AITFC,9046067,-6.50898,108.116502,32075,1216,1,113.1,470.9,BTK6050,B738,PK-LDP,CGK,DPS,1702348505
AITFC,9046238,-6.046921,108.377008,28450,-2048,1,296.3,433.8,SJV751,,,DPS,CGK,1702348506
AITFC,9045280,-6.70871,108.628716,28463,768,1,98.3,471.9,BTK7513,A320,PK-LAY,HLP,SUB,1702348507
AITFC,9046213,-6.369463,106.930263,16562,1472,1,101.5,386.7,SJV734,A320,PK-SAA,CGK,DPS,1702348508
AITFC,9044448,-6.153508,107.47778,25350,1344,1,116.7,427.5,GIA608,B738,PK-GMF,CGK,PLW,1702348509
AITFC,9046214,-6.082169,106.357572,11295,960,1,335.7,362.1,SJV922,A320,PK-SAE,CGK,PLM,1702348510
AITFC,9046292,-5.991645,106.903081,14613,1536,1,112.8,379.6,PAS102,A320,PK-PWA,CGK,DPS,1702348512
AITFC,9045559,-6.660927,107.9223,24763,1280,1,100.5,438.4,BTK7309,A320,PK-LUS,HLP,DPS,1702348513
AITFC,9044737,-6.306571,108.183178,25875,-1024,1,302.9,418.0,CTV775,A320,PK-GLI,YIA,CGK,1702348514
AITFC,9045971,-7.835626,108.278409,38012,0,1,2.2,468.3,GIA717,A339,PK-GHE,MEL,CGK,1702348515
AITFC,9046067,-6.518463,108.138614,32250,1024,1,113.1,471.8,BTK6050,B738,PK-LDP,CGK,DPS,1702348516
AITFC,9046238,-6.036801,108.356544,28050,-1984,1,296.4,433.4,SJV751,,,DPS,CGK,1702348517
AITFC,9045280,-6.712274,108.652702,28588,576,1,98.4,473.1,BTK7513,A320,PK-LAY,HLP,SUB,1702348518
AITFC,9046213,-6.373444,106.949903,16787,1216,1,101.5,391.8,SJV734,A320,PK-SAA,CGK,DPS,1702348519
AITFC,9044448,-6.168637,107.507708,25650,1280,1,116.9,431.6,GIA608,B738,PK-GMF,CGK,PLW,1702348520
AITFC,9046214,-6.065989,106.350261,11495,1536,1,335.7,368.8,SJV922,A320,PK-SAE,CGK,PLM,1702348521
AITFC,9046292,-5.998349,106.919087,14838,1600,1,112.9,383.2,PAS102,A320,PK-PWA,CGK,DPS,1702348522
AITFC,9045559,-6.664837,107.943326,24988,1216,1,100.5,439.3,BTK7309,A320,PK-LUS,HLP,DPS,1702348523
AITFC,9046316,-5.641937,106.501186,34870,-64,1,148.5,469.1,SJV935,A320,PK-SGB,,,1702348524
AITFC,9044737,-6.29512,108.165521,25700,-1088,1,302.9,415.8,CTV775,A320,PK-GLI,YIA,CGK,1702348525
AITFC,9045971,-7.811646,108.279341,38012,0,1,2.2,467.3,GIA717,A339,PK-GHE,MEL,CGK,1702348526
AITFC,9046067,-6.528442,108.161983,32425,960,1,113.2,472.2,BTK6050,B738,PK-LDP,CGK,DPS,1702348527
AITFC,9046238,-6.027584,108.337934,27775,-1600,1,295.0,429.0,SJV751,,,DPS,CGK,1702348528
AITFC,9045280,-6.715905,108.677089,28688,576,1,98.6,474.3,BTK7513,A320,PK-LAY,HLP,SUB,1702348529
AITFC,9046213,-6.377426,106.969454,17087,1984,1,101.4,394.8,SJV734,A320,PK-SAA,CGK,DPS,1702348530
AITFC,9044448,-6.179204,107.528497,25875,1344,1,116.9,433.8,GIA608,B738,PK-GMF,CGK,PLW,1702348531
AITFC,9046214,-6.059286,106.34723,11670,1728,1,335.6,371.0,SJV922,A320,PK-SAE,CGK,PLM,1702348532
AITFC,9046292,-6.006271,106.937752,15188,1728,1,113.0,384.5,PAS102,A320,PK-PWA,CGK,DPS,1702348533
AITFC,9044693,-5.963109,108.851829,35470,-1024,1,270.5,462.0,GIA683,B738,PK-GMW,SOQ,CGK,1702348534
AITFC,9045559,-6.669213,107.967287,25213,1152,1,100.3,440.1,BTK7309,A320,PK-LUS,HLP,DPS,1702348535
AITFC,9046316,-5.641937,106.501186,34870,-64,1,148.5,469.1,SJV935,A320,PK-SGB,,,1702348536
AITFC,9044737,-6.281982,108.145178,25500,-1024,1,302.8,413.0,CTV775,A320,PK-GLI,YIA,CGK,1702348537
AITFC,9045971,-7.785955,108.280303,38012,0,1,2.2,467.3,GIA717,A339,PK-GHE,MEL,CGK,1702348538
AITFC,9046067,-6.538788,108.186144,32675,1472,1,113.1,470.9,BTK6050,B738,PK-LDP,CGK,DPS,1702348539
AITFC,9046238,-6.017899,108.313324,27400,-2176,1,288.6,425.3,SJV751,,,DPS,CGK,1702348540
AITFC,9045280,-6.720141,108.704555,28813,448,1,98.7,475.5,BTK7513,A320,PK-LAY,HLP,SUB,1702348541
AITFC,9046213,-6.381729,106.990915,17487,2048,1,101.5,396.0,SJV734,A320,PK-SAA,CGK,DPS,1702348542
AITFC,9044448,-6.190384,107.550473,26100,1280,1,117.0,436.5,GIA608,B738,PK-GMF,CGK,PLW,1702348543
AITFC,9046214,-6.042068,106.33937,11970,1728,1,335.6,371.0,SJV922,A320,PK-SAE,CGK,PLM,1702348544
AITFC,9045401,-5.986588,106.573388,9370,2304,1,58.4,301.7,LNI760,B738,PK-LPL,,,1702348545
AITFC,9046292,-6.01562,106.959765,15588,1984,1,113.0,385.8,PAS102,A320,PK-PWA,CGK,DPS,1702348546
AITFC,9044693,-5.962923,108.823558,35245,-1088,1,270.2,462.0,GIA683,B738,PK-GMW,SOQ,CGK,1702348547
AITFC,9045559,-6.674474,107.995558,25438,640,1,100.7,443.6,BTK7309,A320,PK-LUS,HLP,DPS,1702348548
AITFC,9044737,-6.26919,108.123085,25025,-3264,1,296.4,414.1,CTV775,A320,PK-GLI,YIA,CGK,1702348550
AITFC,9045971,-7.756022,108.281487,38012,0,1,2.3,467.4,GIA717,A339,PK-GHE,MEL,CGK,1702348551
AITFC,9046067,-6.5499,108.212159,33025,1856,1,113.2,467.7,BTK6050,B738,PK-LDP,CGK,DPS,1702348553
AITFC,9046238,-6.012085,108.2907,26775,-3904,1,280.9,426.8,SJV751,,,DPS,CGK,1702348554
AITFC,9045280,-6.724471,108.733015,28913,320,1,98.7,478.4,BTK7513,A320,PK-LAY,HLP,SUB,1702348555
AITFC,9046213,-6.38692,107.016354,17937,1664,1,101.5,396.9,SJV734,A320,PK-SAA,CGK,DPS,1702348556
AITFC,9044448,-6.201782,107.572911,26350,1152,1,117.0,438.7,GIA608,B738,PK-GMF,CGK,PLW,1702348557
AITFC,9046214,-6.024139,106.331224,12395,1728,1,335.6,371.0,SJV922,A320,PK-SAE,CGK,PLM,1702348558
AITFC,9045401,-5.974274,106.593406,9945,2240,1,58.4,307.5,LNI760,B738,PK-LPL,,,1702348559
AITFC,9046292,-6.024811,106.981465,16038,2240,1,112.9,385.4,PAS102,A320,PK-PWA,CGK,DPS,1702348560
AITFC,9044693,-5.962876,108.796092,35020,-1024,1,270.2,463.0,GIA683,B738,PK-GMW,SOQ,CGK,1702348561
AITFC,9045559,-6.679504,108.021721,25588,768,1,101.0,447.2,BTK7309,A320,PK-LUS,HLP,DPS,1702348562
AITFC,9044737,-6.260559,108.101279,24150,-5312,1,287.9,422.5,CTV775,A320,PK-GLI,YIA,CGK,1702348563
AITFC,9045971,-7.729813,108.282529,38012,0,1,2.3,467.4,GIA717,A339,PK-GHE,MEL,CGK,1702348564
AITFC,9046067,-6.560421,108.236784,33250,832,1,113.1,464.2,BTK6050,B738,PK-LDP,CGK,DPS,1702348565
AITFC,9046238,-6.009289,108.266475,26075,-3840,1,274.7,431.4,SJV751,,,DPS,CGK,1702348566
AITFC,9045280,-6.728614,108.760102,28988,576,1,98.8,479.6,BTK7513,A320,PK-LAY,HLP,SUB,1702348567
AITFC,9046213,-6.391342,107.038026,18287,1920,1,101.4,398.9,SJV734,A320,PK-SAA,CGK,DPS,1702348568
AITFC,9046316,-5.849521,106.628186,34895,64,1,148.6,468.5,SJV935,A320,PK-SGB,,,1702348569
AITFC,9044448,-6.214538,107.598014,26650,1280,1,116.9,439.6,GIA608,B738,PK-GMF,CGK,PLW,1702348570
AITFC,9046214,-6.024139,106.331224,12395,1728,1,335.6,371.0,SJV922,A320,PK-SAE,CGK,PLM,1702348571
AITFC,9045401,-5.96418,106.60986,10345,768,1,58.6,316.4,LNI760,B738,PK-LPL,,,1702348572
AITFC,9046292,-6.034149,107.003484,16513,1664,1,113.0,384.5,PAS102,A320,PK-PWA,CGK,DPS,1702348573
AITFC,9044693,-5.96283,108.767255,34770,-1280,1,270.1,464.0,GIA683,B738,PK-GMW,SOQ,CGK,1702348574
AITFC,9045559,-6.684808,108.04888,25713,640,1,101.1,451.5,BTK7309,A320,PK-LUS,HLP,DPS,1702348575
AITFC,9044737,-6.253036,108.076677,23100,-5056,1,286.5,433.8,CTV775,A320,PK-GLI,YIA,CGK,1702348576
AITFC,9045971,-7.701965,108.283671,38012,0,1,2.3,467.4,GIA717,A339,PK-GHE,MEL,CGK,1702348577
AITFC,9046067,-6.5715,108.262829,33425,960,1,113.1,461.0,BTK6050,B738,PK-LDP,CGK,DPS,1702348578
AITFC,9046238,-6.008311,108.241425,25325,-3200,1,272.0,435.3,SJV751,,,DPS,CGK,1702348579
AITFC,9045280,-6.73299,108.788799,29138,704,1,98.7,481.6,BTK7513,A320,PK-LAY,HLP,SUB,1702348580
AITFC,9046213,-6.395905,107.060631,18687,1856,1,101.4,398.9,SJV734,A320,PK-SAA,CGK,DPS,1702348581
AITFC,9046316,-5.872425,106.642298,34895,64,1,148.6,468.5,SJV935,A320,PK-SGB,,,1702348582
AITFC,9044448,-6.226734,107.62207,26925,1472,1,116.9,440.5,GIA608,B738,PK-GMF,CGK,PLW,1702348583
AITFC,9045401,-5.957474,106.62129,10495,1152,1,60.5,325.1,LNI760,B738,PK-LPL,,,1702348585
AITFC,9046292,-6.043412,107.025446,16838,1408,1,112.9,387.6,PAS102,A320,PK-PWA,CGK,DPS,1702348586
AITFC,9044693,-5.96269,108.738461,34270,-2944,1,270.2,463.0,GIA683,B738,PK-GMW,SOQ,CGK,1702348587
AITFC,9045559,-6.690348,108.076582,25888,960,1,101.4,455.0,BTK7309,A320,PK-LUS,HLP,DPS,1702348588
AITFC,9044737,-6.245262,108.050064,22100,-4224,1,286.1,442.4,CTV775,A320,PK-GLI,YIA,CGK,1702348589
AITFC,9045971,-7.672943,108.284835,38012,64,1,2.3,467.4,GIA717,A339,PK-GHE,MEL,CGK,1702348590
AITFC,9046067,-6.582367,108.288326,33600,960,1,113.0,457.5,BTK6050,B738,PK-LDP,CGK,DPS,1702348591
AITFC,9046238,-6.008311,108.241425,24625,-3200,1,272.0,435.3,SJV751,,,DPS,CGK,1702348592
AITFC,9045280,-6.737552,108.818633,29313,832,1,98.7,481.6,BTK7513,A320,PK-LAY,HLP,SUB,1702348593
AITFC,9046213,-6.40084,107.084829,19062,1792,1,101.5,401.1,SJV734,A320,PK-SAA,CGK,DPS,1702348594
AITFC,9046316,-5.872425,106.642298,34895,64,1,148.6,468.5,SJV935,A320,PK-SGB,,,1702348595
AITFC,9044448,-6.23909,107.646603,27200,1472,1,116.9,442.7,GIA608,B738,PK-GMF,CGK,PLW,1702348596
AITFC,9045401,-5.950424,106.636047,10695,1152,1,60.5,325.1,LNI760,B738,PK-LPL,,,1702348597
AITFC,9046292,-6.051884,107.045478,17113,1344,1,112.9,390.8,PAS102,A320,PK-PWA,CGK,DPS,1702348598
AITFC,9044693,-5.962643,108.712653,33695,-3136,1,270.1,464.0,GIA683,B738,PK-GMW,SOQ,CGK,1702348599
AITFC,9045559,-6.695297,108.10072,26138,1408,1,101.5,455.2,BTK7309,A320,PK-LUS,HLP,DPS,1702348600
AITFC,9044737,-6.238558,108.026718,21550,-2368,1,286.1,442.4,CTV775,A320,PK-GLI,YIA,CGK,1702348601
AITFC,9045971,-7.646624,108.285843,38012,0,1,2.2,467.3,GIA717,A339,PK-GHE,MEL,CGK,1702348602
AITFC,9046067,-6.592072,108.312719,33800,1024,1,110.0,455.5,BTK6050,B738,PK-LDP,CGK,DPS,1702348603
AITFC,9046238,-6.006271,108.186749,24150,-2432,1,272.1,435.3,SJV751,,,DPS,CGK,1702348604
AITFC,9046214,-5.926666,106.287092,14070,2240,1,335.8,394.8,SJV922,A320,PK-SAE,CGK,PLM,1702348605
AITFC,9045280,-6.737552,108.818633,29313,768,1,98.7,481.6,BTK7513,A320,PK-LAY,HLP,SUB,1702348606
AITFC,9046213,-6.406007,107.110259,19487,1792,1,101.5,402.0,SJV734,A320,PK-SAA,CGK,DPS,1702348607
AITFC,9046316,-5.872425,106.642298,34870,-128,1,139.8,471.2,SJV935,A320,PK-SGB,,,1702348608
AITFC,9044448,-6.251547,107.671225,27450,1152,1,116.7,444.5,GIA608,B738,PK-GMF,CGK,PLW,1702348609
AITFC,9045401,-5.943375,106.651968,10970,1408,1,66.1,353.2,LNI760,B738,PK-LPL,,,1702348611
AITFC,9046292,-6.061334,107.067829,17438,1472,1,112.9,393.0,PAS102,A320,PK-PWA,CGK,DPS,1702348612
AITFC,9044693,-5.962555,108.683694,32995,-2944,1,270.2,467.0,GIA683,B738,PK-GMW,SOQ,CGK,1702348613
AITFC,9045559,-6.700974,108.128838,26463,1536,1,101.3,452.8,BTK7309,A320,PK-LUS,HLP,DPS,1702348614
AITFC,9044737,-6.230713,107.999888,21000,-2752,1,286.3,437.6,CTV775,A320,PK-GLI,YIA,CGK,1702348615
AITFC,9045971,-7.617462,108.287022,38012,-64,1,2.2,466.3,GIA717,A339,PK-GHE,MEL,CGK,1702348616
AITFC,9046067,-6.600128,108.339301,34000,1024,1,104.7,451.9,BTK6050,B738,PK-LDP,CGK,DPS,1702348617
AITFC,9046238,-6.005192,108.159453,23725,-1536,1,272.3,430.3,SJV751,,,DPS,CGK,1702348618
AITFC,9046214,-5.904639,106.277192,14520,2304,1,335.6,395.2,SJV922,A320,PK-SAE,CGK,PLM,1702348619
AITFC,9045280,-6.737552,108.818633,29313,768,1,98.7,481.6,BTK7513,A320,PK-LAY,HLP,SUB,1702348620
AITFC,9046213,-6.410848,107.134031,19787,1152,1,101.5,406.2,SJV734,A320,PK-SAA,CGK,DPS,1702348621
AITFC,9046316,-5.952667,106.704433,34870,-64,1,139.3,472.3,SJV935,A320,PK-SGB,,,1702348622
AITFC,9044448,-6.263626,107.695204,27725,1216,1,116.7,444.5,GIA608,B738,PK-GMF,CGK,PLW,1702348623
AITFC,9045401,-5.943375,106.651968,10970,1408,1,66.1,353.2,LNI760,B738,PK-LPL,,,1702348624
AITFC,9046292,-6.070691,107.089896,17738,1152,1,113.0,396.5,PAS102,A320,PK-PWA,CGK,DPS,1702348625
AITFC,9044693,-5.962418,108.655158,32395,-3584,1,270.2,466.0,GIA683,B738,PK-GMW,SOQ,CGK,1702348626
AITFC,9045559,-6.706558,108.156723,26763,1152,1,101.5,453.0,BTK7309,A320,PK-LUS,HLP,DPS,1702348627
AITFC,9044737,-6.223526,107.975355,20500,-2304,1,286.3,434.5,CTV775,A320,PK-GLI,YIA,CGK,1702348628
AITFC,9045971,-7.588943,108.28814,38012,0,1,2.3,466.4,GIA717,A339,PK-GHE,MEL,CGK,1702348629
AITFC,9046067,-6.606079,108.366999,34225,960,1,100.2,447.0,BTK6050,B738,PK-LDP,CGK,DPS,1702348630
AITFC,9046238,-6.005099,108.157228,23575,-1088,1,272.2,424.3,SJV751,,,DPS,CGK,1702348631
AITFC,9046214,-5.883924,106.267816,14945,1984,1,335.7,398.3,SJV922,A320,PK-SAE,CGK,PLM,1702348632
AITFC,9045255,-6.245407,106.657182,7745,1984,1,108.9,249.5,CTV750,A320,PK-GQI,CGK,MLG,1702348633
AITFC,9046213,-6.416435,107.161544,20087,1344,1,101.4,410.1,SJV734,A320,PK-SAA,CGK,DPS,1702348635
AITFC,9046316,-5.9747,106.723559,34870,0,1,139.1,475.0,SJV935,A320,PK-SGB,,,1702348636
AITFC,9044448,-6.276871,107.721421,28025,1344,1,116.8,445.9,GIA608,B738,PK-GMF,CGK,PLW,1702348637
AITFC,9046292,-6.08107,107.114325,18063,1792,1,113.0,399.7,PAS102,A320,PK-PWA,CGK,DPS,1702348639
AITFC,9044693,-5.962271,108.623436,31595,-2560,1,270.4,470.0,GIA683,B738,PK-GMW,SOQ,CGK,1702348640
AITFC,9045559,-6.712509,108.185818,27013,1152,1,101.6,453.2,BTK7309,A320,PK-LUS,HLP,DPS,1702348641
AITFC,9044737,-6.215096,107.94683,19950,-2688,1,286.5,425.6,CTV775,A320,PK-GLI,YIA,CGK,1702348642
AITFC,9045971,-7.559618,108.2893,38012,0,1,2.2,466.3,GIA717,A339,PK-GHE,MEL,CGK,1702348643
AITFC,9046067,-6.611116,108.395186,34425,960,1,100.1,445.9,BTK6050,B738,PK-LDP,CGK,DPS,1702348644
AITFC,9046238,-6.005099,108.157228,23575,-1088,1,272.2,424.3,SJV751,,,DPS,CGK,1702348645
AITFC,9045255,-6.252897,106.678951,8445,2816,1,109.1,259.3,CTV750,A320,PK-GQI,CGK,MLG,1702348647
AITFC,9046213,-6.421369,107.185885,20437,1856,1,101.5,411.3,SJV734,A320,PK-SAA,CGK,DPS,1702348648
AITFC,9046316,-5.997558,106.743353,34870,0,1,139.1,476.4,SJV935,A320,PK-SGB,,,1702348649
AITFC,9044448,-6.289352,107.746179,28275,1408,1,116.7,446.8,GIA608,B738,PK-GMF,CGK,PLW,1702348650
AITFC,9046292,-6.090042,107.135413,18413,1600,1,112.9,400.6,PAS102,A320,PK-PWA,CGK,DPS,1702348651
AITFC,9044693,-5.962143,108.597759,31175,-2624,1,270.1,468.0,GIA683,B738,PK-GMW,SOQ,CGK,1702348652
AITFC,9045559,-6.717628,108.210691,27213,704,1,101.7,454.4,BTK7309,A320,PK-LUS,HLP,DPS,1702348653
AITFC,9044737,-6.208486,107.924668,19500,-2560,1,286.6,420.5,CTV775,A320,PK-GLI,YIA,CGK,1702348654
AITFC,9045971,-7.531631,108.290421,38012,0,1,2.2,465.3,GIA717,A339,PK-GHE,MEL,CGK,1702348655
AITFC,9046067,-6.615509,108.420022,34625,1024,1,100.1,444.9,BTK6050,B738,PK-LDP,CGK,DPS,1702348656
AITFC,9045255,-6.2569,106.690316,8895,2432,1,109.3,260.6,CTV750,A320,PK-GQI,CGK,MLG,1702348658
AITFC,9046213,-6.425559,107.206437,20762,1664,1,101.5,411.3,SJV734,A320,PK-SAA,CGK,DPS,1702348659
AITFC,9046316,-6.016644,106.759833,34870,0,1,139.1,476.4,SJV935,A320,PK-SGB,,,1702348660
AITFC,9044448,-6.299789,107.766987,28500,1280,1,116.6,447.2,GIA608,B738,PK-GMF,CGK,PLW,1702348661
AITFC,9046292,-6.098203,107.154678,18713,1728,1,112.9,400.6,PAS102,A320,PK-PWA,CGK,DPS,1702348662
AITFC,9044693,-5.962189,108.574389,30750,-2368,1,269.9,466.0,GIA683,B738,PK-GMW,SOQ,CGK,1702348663
AITFC,9045559,-6.722534,108.234465,27363,768,1,101.7,457.6,BTK7309,A320,PK-LUS,HLP,DPS,1702348664
AITFC,9044737,-6.202332,107.904037,19050,-2240,1,286.6,415.4,CTV775,A320,PK-GLI,YIA,CGK,1702348665
AITFC,9045971,-7.508102,108.291352,38012,0,1,2.3,465.4,GIA717,A339,PK-GHE,MEL,CGK,1702348666
AITFC,9046067,-6.619682,108.443204,34800,1024,1,100.2,445.1,BTK6050,B738,PK-LDP,CGK,DPS,1702348667
AITFC,9045255,-6.261369,106.703007,9195,1600,1,109.4,265.0,CTV750,A320,PK-GQI,CGK,MLG,1702348669
AITFC,9046213,-6.429562,107.226089,21037,1408,1,101.5,412.2,SJV734,A320,PK-SAA,CGK,DPS,1702348670
AITFC,9046316,-6.034101,106.774987,34870,0,1,139.0,477.0,SJV935,A320,PK-SGB,,,1702348671
AITFC,9044448,-6.309128,107.785515,28700,1344,1,116.8,448.1,GIA608,B738,PK-GMF,CGK,PLW,1702348672
AITFC,9046292,-6.105326,107.171441,18988,1472,1,113.0,401.9,PAS102,A320,PK-PWA,CGK,DPS,1702348673
AITFC,9044693,-5.962271,108.551552,30350,-2432,1,269.9,463.0,GIA683,B738,PK-GMW,SOQ,CGK,1702348674
AITFC,9045559,-6.726798,108.255205,27513,960,1,101.7,458.5,BTK7309,A320,PK-LUS,HLP,DPS,1702348675
AITFC,9044737,-6.196838,107.885603,18700,-2240,1,286.6,413.2,CTV775,A320,PK-GLI,YIA,CGK,1702348676
AITFC,9045971,-7.486496,108.292236,38012,0,1,2.3,465.4,GIA717,A339,PK-GHE,MEL,CGK,1702348677
AITFC,9046067,-6.623499,108.464371,34900,320,1,100.2,446.1,BTK6050,B738,PK-LDP,CGK,DPS,1702348678
AITFC,9045255,-6.26564,106.715233,9370,960,1,109.1,278.3,CTV750,A320,PK-GQI,CGK,MLG,1702348679
AITFC,9046213,-6.433411,107.245137,21262,1280,1,101.4,413.2,SJV734,A320,PK-SAA,CGK,DPS,1702348680
AITFC,9046316,-6.044343,106.783842,34870,64,1,139.1,477.8,SJV935,A320,PK-SGB,,,1702348681
AITFC,9044448,-6.318512,107.80409,28875,1216,1,116.8,448.1,GIA608,B738,PK-GMF,CGK,PLW,1702348682
AITFC,9046292,-6.112976,107.18946,19238,1472,1,113.1,403.2,PAS102,A320,PK-PWA,CGK,DPS,1702348683
AITFC,9045280,-6.765793,109.002623,30463,704,1,98.6,480.4,BTK7513,A320,PK-LAY,HLP,SUB,1702348684
AITFC,9044693,-5.962271,108.52759,29975,-2240,1,270.1,460.0,GIA683,B738,PK-GMW,SOQ,CGK,1702348685
AITFC,9045559,-6.731506,108.277852,27688,960,1,101.8,459.7,BTK7309,A320,PK-LUS,HLP,DPS,1702348686
AITFC,9045401,-5.892242,106.766626,13920,2112,1,66.0,375.6,LNI760,B738,PK-LPL,,,1702348687
AITFC,9044737,-6.19574,107.881925,18625,-2176,1,286.5,412.9,CTV775,A320,PK-GLI,YIA,CGK,1702348688
AITFC,9045971,-7.459391,108.293325,38012,0,1,2.3,466.4,GIA717,A339,PK-GHE,MEL,CGK,1702348689
AITFC,9046067,-6.627968,108.488996,34900,64,1,100.4,450.3,BTK6050,B738,PK-LDP,CGK,DPS,1702348690
AITFC,9045255,-6.270912,106.730615,9545,1024,1,109.1,290.9,CTV750,A320,PK-GQI,CGK,MLG,1702348691
AITFC,9046213,-6.437802,107.266719,21537,1344,1,101.4,415.2,SJV734,A320,PK-SAA,CGK,DPS,1702348692
AITFC,9046316,-6.070999,106.806987,34870,64,1,139.1,475.0,SJV935,A320,PK-SGB,,,1702348693
AITFC,9044448,-6.329941,107.826785,29100,1280,1,116.7,449.0,GIA608,B738,PK-GMF,CGK,PLW,1702348694
AITFC,9046292,-6.121666,107.209988,19538,1600,1,112.9,403.8,PAS102,A320,PK-PWA,CGK,DPS,1702348695
AITFC,9045280,-6.765793,109.002623,30463,704,1,98.6,480.4,BTK7513,A320,PK-LAY,HLP,SUB,1702348696
AITFC,9044693,-5.962224,108.502066,29550,-1664,1,270.0,457.0,GIA683,B738,PK-GMW,SOQ,CGK,1702348697
AITFC,9045559,-6.736854,108.303507,27863,896,1,101.8,460.7,BTK7309,A320,PK-LUS,HLP,DPS,1702348698
AITFC,9045401,-5.892242,106.766626,13995,2112,1,66.0,375.6,LNI760,B738,PK-LPL,,,1702348699
AITFC,9044737,-6.19574,107.881925,18625,-2176,1,286.5,412.9,CTV775,A320,PK-GLI,YIA,CGK,1702348700
AITFC,9045971,-7.432663,108.294378,38012,-64,1,2.2,466.3,GIA717,A339,PK-GHE,MEL,CGK,1702348701
AITFC,9046067,-6.63253,108.51381,34900,64,1,100.4,454.5,BTK6050,B738,PK-LDP,CGK,DPS,1702348702
AITFC,9045255,-6.276718,106.747307,9745,1024,1,109.1,308.0,CTV750,A320,PK-GQI,CGK,MLG,1702348703
AITFC,9046213,-6.442644,107.290681,21812,1344,1,101.5,416.4,SJV734,A320,PK-SAA,CGK,DPS,1702348704
AITFC,9046316,-6.077682,106.81276,34870,128,1,139.1,472.2,SJV935,A320,PK-SGB,,,1702348705
AITFC,9044448,-6.341625,107.849895,29325,1024,1,116.7,451.2,GIA608,B738,PK-GMF,CGK,PLW,1702348706
AITFC,9046292,-6.1306,107.231078,19788,768,1,113.0,407.3,PAS102,A320,PK-PWA,CGK,DPS,1702348707
AITFC,9045280,-6.765793,109.002623,30463,704,1,98.6,480.4,BTK7513,A320,PK-LAY,HLP,SUB,1702348708
AITFC,9044693,-5.962224,108.475926,29150,-2176,1,270.0,452.0,GIA683,B738,PK-GMW,SOQ,CGK,1702348709
AITFC,9045559,-6.741974,108.328273,28038,704,1,101.6,462.4,BTK7309,A320,PK-LUS,HLP,DPS,1702348710
AITFC,9045401,-5.868027,106.82058,14995,2112,1,66.0,375.6,LNI760,B738,PK-LPL,,,1702348711
AITFC,9045971,-7.406937,108.295355,38012,0,1,2.2,466.3,GIA717,A339,PK-GHE,MEL,CGK,1702348713
AITFC,9046067,-6.637161,108.539196,34900,0,1,100.5,456.6,BTK6050,B738,PK-LDP,CGK,DPS,1702348714
AITFC,9045255,-6.281852,106.763905,9920,896,1,105.5,321.7,CTV750,A320,PK-GQI,CGK,MLG,1702348715
AITFC,9046213,-6.447392,107.313932,22012,640,1,101.6,419.5,SJV734,A320,PK-SAA,CGK,DPS,1702348716
AITFC,9046316,-6.108215,106.839341,34870,-64,1,139.0,470.6,SJV935,A320,PK-SGB,,,1702348717
AITFC,9044448,-6.353119,107.872754,29525,1088,1,116.7,452.1,GIA608,B738,PK-GMF,CGK,PLW,1702348718
AITFC,9046292,-6.139449,107.251803,19988,1216,1,113.1,410.9,PAS102,A320,PK-PWA,CGK,DPS,1702348719
AITFC,9045280,-6.78038,109.098121,31163,1600,1,98.7,474.5,BTK7513,A320,PK-LAY,HLP,SUB,1702348720
AITFC,9044693,-5.962234,108.452143,28750,-2240,1,270.0,448.0,GIA683,B738,PK-GMW,SOQ,CGK,1702348721
AITFC,9045559,-6.747514,108.355644,28213,896,1,101.3,463.0,BTK7309,A320,PK-LUS,HLP,DPS,1702348722
AITFC,9045401,-5.868027,106.82058,14995,1984,1,65.8,380.5,LNI760,B738,PK-LPL,,,1702348723
AITFC,9045971,-7.383231,108.296309,38012,64,1,2.2,466.3,GIA717,A339,PK-GHE,MEL,CGK,1702348724
AITFC,9046067,-6.641561,108.562964,34900,64,1,100.5,456.6,BTK6050,B738,PK-LDP,CGK,DPS,1702348725
AITFC,9045255,-6.285762,106.780006,10095,960,1,103.5,335.2,CTV750,A320,PK-GQI,CGK,MLG,1702348726
AITFC,9046213,-6.451767,107.335541,22187,1152,1,101.4,423.4,SJV734,A320,PK-SAA,CGK,DPS,1702348727
AITFC,9046316,-6.128881,106.857195,34870,0,1,139.1,468.6,SJV935,A320,PK-SGB,,,1702348728
AITFC,9044448,-6.363505,107.893414,29700,1024,1,116.7,453.5,GIA608,B738,PK-GMF,CGK,PLW,1702348729
AITFC,9046292,-6.147903,107.271718,20263,1856,1,113.0,411.8,PAS102,A320,PK-PWA,CGK,DPS,1702348730
AITFC,9045280,-6.784058,109.122225,31413,1088,1,98.8,472.5,BTK7513,A320,PK-LAY,HLP,SUB,1702348731
AITFC,9044693,-5.962224,108.439321,28575,-2112,1,270.1,447.0,GIA683,B738,PK-GMW,SOQ,CGK,1702348732
AITFC,9045559,-6.752151,108.379242,28363,704,1,101.0,464.6,BTK7309,A320,PK-LUS,HLP,DPS,1702348733
AITFC,9045401,-5.853607,106.852701,15912,2560,1,65.8,382.7,LNI760,B738,PK-LPL,,,1702348734
AITFC,9045971,-7.358745,108.297256,38012,64,1,2.2,467.3,GIA717,A339,PK-GHE,MEL,CGK,1702348735
AITFC,9046067,-6.645859,108.585888,34900,0,1,100.6,456.8,BTK6050,B738,PK-LDP,CGK,DPS,1702348736
AITFC,9045255,-6.289764,106.796699,10245,896,1,103.4,346.4,CTV750,A320,PK-GQI,CGK,MLG,1702348737
AITFC,9046213,-6.45607,107.356676,22387,1344,1,101.4,424.4,SJV734,A320,PK-SAA,CGK,DPS,1702348738
AITFC,9046316,-6.140938,106.867707,34870,0,1,139.0,470.6,SJV935,A320,PK-SGB,,,1702348739
AITFC,9044448,-6.373746,107.913729,29875,1024,1,116.7,454.4,GIA608,B738,PK-GMF,CGK,PLW,1702348740
AITFC,9046292,-6.156143,107.291224,20588,1728,1,113.0,409.5,PAS102,A320,PK-PWA,CGK,DPS,1702348741
AITFC,9045280,-6.787903,109.147261,31563,832,1,98.7,471.4,BTK7513,A320,PK-LAY,HLP,SUB,1702348742
AITFC,9044693,-5.962224,108.439321,28575,-2112,1,270.1,447.0,GIA683,B738,PK-GMW,SOQ,CGK,1702348743
AITFC,9045559,-6.756638,108.402952,28513,896,1,100.6,466.0,BTK7309,A320,PK-LUS,HLP,DPS,1702348744
AITFC,9045401,-5.853607,106.852701,15912,2624,1,65.8,382.7,LNI760,B738,PK-LPL,,,1702348745
AITFC,9045971,-7.334152,108.298242,38012,0,1,2.3,466.4,GIA717,A339,PK-GHE,MEL,CGK,1702348746
AITFC,9046067,-6.650127,108.608804,34900,0,1,100.6,456.8,BTK6050,B738,PK-LDP,CGK,DPS,1702348747
AITFC,9045255,-6.294388,106.816205,10450,960,1,103.2,358.5,CTV750,A320,PK-GQI,CGK,MLG,1702348748
AITFC,9046213,-6.460426,107.378051,22637,1152,1,101.4,425.4,SJV734,A320,PK-SAA,CGK,DPS,1702348750
AITFC,9046316,-6.164978,106.888593,34845,128,1,139.1,465.8,SJV935,A320,PK-SGB,,,1702348751
AITFC,9044448,-6.384613,107.935274,30050,1088,1,116.7,455.7,GIA608,B738,PK-GMF,CGK,PLW,1702348752
AITFC,9046292,-6.164354,107.310665,20888,1472,1,112.9,409.2,PAS102,A320,PK-PWA,CGK,DPS,1702348753
AITFC,9045280,-6.789688,109.159179,31688,1024,1,98.7,471.4,BTK7513,A320,PK-LAY,HLP,SUB,1702348754
AITFC,9044693,-5.962224,108.439321,28575,-2112,1,270.1,447.0,GIA683,B738,PK-GMW,SOQ,CGK,1702348755
AITFC,9045559,-6.760986,108.42626,28638,640,1,100.5,466.8,BTK7309,A320,PK-LUS,HLP,DPS,1702348756
AITFC,9045401,-5.853607,106.852701,15912,2624,1,65.8,382.7,LNI760,B738,PK-LPL,,,1702348757
AITFC,9045971,-7.310165,108.299173,38012,-64,1,2.3,466.4,GIA717,A339,PK-GHE,MEL,CGK,1702348758
AITFC,9046067,-6.654503,108.632197,34900,0,1,100.6,457.8,BTK6050,B738,PK-LDP,CGK,DPS,1702348759
AITFC,9045255,-6.298378,106.833328,10725,1792,1,103.3,365.8,CTV750,A320,PK-GQI,CGK,MLG,1702348760
AITFC,9046213,-6.464951,107.400668,22812,960,1,101.4,428.5,SJV734,A320,PK-SAA,CGK,DPS,1702348761
AITFC,9046316,-6.184433,106.905399,34870,64,1,139.1,460.1,SJV935,A320,PK-SGB,,,1702348762
AITFC,9044448,-6.395486,107.956869,30225,896,1,116.7,457.9,GIA608,B738,PK-GMF,CGK,PLW,1702348763
AITFC,9046292,-6.172734,107.330459,21138,1216,1,112.8,410.1,PAS102,A320,PK-PWA,CGK,DPS,1702348764
AITFC,9045280,-6.789688,109.159179,31863,640,1,98.8,470.5,BTK7513,A320,PK-LAY,HLP,SUB,1702348765
AITFC,9045559,-6.765427,108.450235,28763,704,1,100.6,469.0,BTK7309,A320,PK-LUS,HLP,DPS,1702348767
AITFC,9045971,-7.286591,108.30015,38012,0,1,2.3,466.4,GIA717,A339,PK-GHE,MEL,CGK,1702348769
AITFC,9046067,-6.658676,108.65432,34900,0,1,100.7,458.0,BTK6050,B738,PK-LDP,CGK,DPS,1702348770
AITFC,9045255,-6.302754,106.851938,11175,2816,1,103.2,367.7,CTV750,A320,PK-GQI,CGK,MLG,1702348771
AITFC,9046213,-6.469254,107.421896,23012,1408,1,101.4,430.5,SJV734,A320,PK-SAA,CGK,DPS,1702348772
AITFC,9046316,-6.196976,106.916292,34895,0,1,139.1,457.9,SJV935,A320,PK-SGB,,,1702348773
AITFC,9044448,-6.405774,107.977421,30375,896,1,116.6,459.7,GIA608,B738,PK-GMF,CGK,PLW,1702348774
AITFC,9046292,-6.181206,107.35049,21363,1152,1,112.9,411.4,PAS102,A320,PK-PWA,CGK,DPS,1702348775
AITFC,9045280,-6.798157,109.214297,31988,448,1,98.8,471.5,BTK7513,A320,PK-LAY,HLP,SUB,1702348776
AITFC,9045559,-6.769318,108.47109,28888,640,1,100.6,471.1,BTK7309,A320,PK-LUS,HLP,DPS,1702348777
AITFC,9045971,-7.266851,108.30095,38012,0,1,2.2,465.3,GIA717,A339,PK-GHE,MEL,CGK,1702348778
AITFC,9046067,-6.66251,108.674816,34900,64,1,100.6,457.8,BTK6050,B738,PK-LDP,CGK,DPS,1702348779
AITFC,9045255,-6.306106,106.866192,11625,3008,1,103.2,366.7,CTV750,A320,PK-GQI,CGK,MLG,1702348780
AITFC,9046213,-6.472856,107.439801,23237,1216,1,101.4,431.5,SJV734,A320,PK-SAA,CGK,DPS,1702348781
AITFC,9046316,-6.216586,106.933294,34870,-64,1,139.0,457.2,SJV935,A320,PK-SGB,,,1702348782
AITFC,9044448,-6.414825,107.995419,30500,960,1,116.7,461.1,GIA608,B738,PK-GMF,CGK,PLW,1702348783
AITFC,9046292,-6.188049,107.366638,21513,704,1,112.9,413.6,PAS102,A320,PK-PWA,CGK,DPS,1702348784
AITFC,9045280,-6.801561,109.236492,32063,576,1,98.8,472.5,BTK7513,A320,PK-LAY,HLP,SUB,1702348785
AITFC,9045559,-6.772934,108.490223,28988,640,1,100.7,472.3,BTK7309,A320,PK-LUS,HLP,DPS,1702348786
AITFC,9045971,-7.247314,108.301686,38012,0,1,2.2,465.3,GIA717,A339,PK-GHE,MEL,CGK,1702348787
AITFC,9046067,-6.666094,108.694042,34900,0,1,100.6,457.8,BTK6050,B738,PK-LDP,CGK,DPS,1702348788
AITFC,9045255,-6.306944,106.869791,12050,3136,1,103.2,362.6,CTV750,A320,PK-GQI,CGK,MLG,1702348789
AITFC,9046213,-6.476627,107.458412,23412,1152,1,101.5,432.6,SJV734,A320,PK-SAA,CGK,DPS,1702348790
AITFC,9046316,-6.231576,106.946316,34870,0,1,139.0,457.2,SJV935,A320,PK-SGB,,,1702348791
AITFC,9044693,-5.962224,108.439321,28575,-2112,1,270.1,447.0,GIA683,B738,PK-GMW,SOQ,CGK,1702348792
AITFC,9044448,-6.424438,108.014552,30650,832,1,116.7,462.4,GIA608,B738,PK-GMF,CGK,PLW,1702348793
AITFC,9046292,-6.195602,107.384468,21613,704,1,112.9,418.1,PAS102,A320,PK-PWA,CGK,DPS,1702348794
AITFC,9045280,-6.801561,109.236492,32063,640,1,98.6,473.4,BTK7513,A320,PK-LAY,HLP,SUB,1702348795
AITFC,9045559,-6.777054,108.511823,29088,640,1,100.8,473.4,BTK7309,A320,PK-LUS,HLP,DPS,1702348796
AITFC,9045971,-7.224655,108.302571,38012,0,1,2.2,464.3,GIA717,A339,PK-GHE,MEL,CGK,1702348797
AITFC,9046067,-6.670005,108.714973,34900,64,1,100.6,458.8,BTK6050,B738,PK-LDP,CGK,DPS,1702348798
AITFC,9045255,-6.313601,106.898346,12450,2496,1,103.2,362.6,CTV750,A320,PK-GQI,CGK,MLG,1702348799
AITFC,9046213,-6.480677,107.478348,23612,1216,1,101.4,433.6,SJV734,A320,PK-SAA,CGK,DPS,1702348800
AITFC,9046316,-6.245087,106.958049,34870,64,1,139.0,455.8,SJV935,A320,PK-SGB,,,1702348801
AITFC,9044693,-5.962224,108.439321,28575,-2112,1,270.1,447.0,GIA683,B738,PK-GMW,SOQ,CGK,1702348802
AITFC,9044448,-6.433892,108.033395,30775,1088,1,116.7,463.3,GIA608,B738,PK-GMF,CGK,PLW,1702348803
AITFC,9046292,-6.203293,107.40267,21763,832,1,113.0,420.3,PAS102,A320,PK-PWA,CGK,DPS,1702348804
AITFC,9045559,-6.781544,108.535356,29188,768,1,100.8,475.4,BTK7309,A320,PK-LUS,HLP,DPS,1702348806
AITFC,9045971,-7.203028,108.303412,38012,0,1,2.2,464.3,GIA717,A339,PK-GHE,MEL,CGK,1702348807
AITFC,9046067,-6.673965,108.736345,34900,64,1,100.6,458.8,BTK6050,B738,PK-LDP,CGK,DPS,1702348808
AITFC,9045255,-6.317558,106.915157,12775,1664,1,103.1,365.5,CTV750,A320,PK-GQI,CGK,MLG,1702348809
AITFC,9045401,-5.853607,106.852701,15912,2048,1,65.8,397.9,LNI760,B738,PK-LPL,,,1702348810
AITFC,9046213,-6.485146,107.500416,23837,1024,1,101.5,435.8,SJV734,A320,PK-SAA,CGK,DPS,1702348811
AITFC,9046316,-6.263371,106.973877,34870,64,1,139.1,453.7,SJV935,A320,PK-SGB,,,1702348812
AITFC,9044693,-5.962224,108.439321,28575,-2112,1,270.1,447.0,GIA683,B738,PK-GMW,SOQ,CGK,1702348813
AITFC,9044448,-6.444738,108.054988,30925,960,1,116.7,465.6,GIA608,B738,PK-GMF,CGK,PLW,1702348814
AITFC,9046292,-6.208439,107.414798,21863,1024,1,112.8,423.1,PAS102,A320,PK-PWA,CGK,DPS,1702348815
AITFC,9045559,-6.785268,108.55463,29313,832,1,100.9,475.6,BTK7309,A320,PK-LUS,HLP,DPS,1702348816
AITFC,9045971,-7.182037,108.304247,38012,0,1,2.2,464.3,GIA717,A339,PK-GHE,MEL,CGK,1702348817
AITFC,9046067,-6.676848,108.751815,34900,0,1,100.5,459.7,BTK6050,B738,PK-LDP,CGK,DPS,1702348818
AITFC,9045255,-6.32184,106.933531,13025,1792,1,103.1,370.6,CTV750,A320,PK-GQI,CGK,MLG,1702348819
AITFC,9045401,-5.853607,106.852701,15912,2048,1,65.8,397.9,LNI760,B738,PK-LPL,,,1702348820
AITFC,9046213,-6.489149,107.520115,24012,1024,1,101.5,436.8,SJV734,A320,PK-SAA,CGK,DPS,1702348821
AITFC,9046316,-6.277176,106.985934,34900,-64,1,139.0,457.2,SJV935,A320,PK-SGB,,,1702348822
AITFC,9044448,-6.454049,108.073552,31075,1088,1,116.6,466.4,GIA608,B738,PK-GMF,CGK,PLW,1702348823
AITFC,9046292,-6.208439,107.414798,21863,1024,1,112.8,423.1,PAS102,A320,PK-PWA,CGK,DPS,1702348825
AITFC,9045559,-6.789504,108.576792,29438,704,1,100.9,476.6,BTK7309,A320,PK-LUS,HLP,DPS,1702348826
AITFC,9045971,-7.161346,108.305131,38012,0,1,2.3,464.4,GIA717,A339,PK-GHE,MEL,CGK,1702348827
AITFC,9046067,-6.681427,108.776566,34870,0,1,100.5,459.7,BTK6050,B738,PK-LDP,CGK,DPS,1702348828
AITFC,9045255,-6.324921,106.946644,13350,2176,1,103.0,372.6,CTV750,A320,PK-GQI,CGK,MLG,1702348829
AITFC,9045401,-5.853607,106.852701,15912,2048,1,65.8,397.9,LNI760,B738,PK-LPL,,,1702348830
AITFC,9046213,-6.492827,107.538157,24162,960,1,101.4,438.7,SJV734,A320,PK-SAA,CGK,DPS,1702348831
AITFC,9046316,-6.293583,107.000206,34900,-64,1,139.0,460.8,SJV935,A320,PK-SGB,,,1702348832
AITFC,9044448,-6.462568,108.090599,31200,832,1,116.6,467.3,GIA608,B738,PK-GMF,CGK,PLW,1702348833
AITFC,9046292,-6.208439,107.414798,21863,1024,1,112.8,423.1,PAS102,A320,PK-PWA,CGK,DPS,1702348834
AITFC,9045559,-6.793228,108.59616,29538,704,1,101.0,477.7,BTK7309,A320,PK-LUS,HLP,DPS,1702348835
AITFC,9045971,-7.142044,108.305875,38012,0,1,2.3,465.4,GIA717,A339,PK-GHE,MEL,CGK,1702348836
AITFC,9044693,-5.96196,108.220546,25450,-1472,1,270.4,401.0,GIA683,B738,PK-GMW,SOQ,CGK,1702348837
AITFC,9046067,-6.685227,108.797134,34870,64,1,100.5,459.7,BTK6050,B738,PK-LDP,CGK,DPS,1702348838
AITFC,9045255,-6.329086,106.96452,13700,2368,1,103.0,372.6,CTV750,A320,PK-GQI,CGK,MLG,1702348839
AITFC,9046213,-6.49697,107.558473,24337,1216,1,101.4,439.7,SJV734,A320,PK-SAA,CGK,DPS,1702348841
AITFC,9046316,-6.311646,107.015833,34900,0,1,139.0,463.6,SJV935,A320,PK-SGB,,,1702348842
AITFC,9044448,-6.472504,108.110357,31375,1088,1,116.7,467.8,GIA608,B738,PK-GMF,CGK,PLW,1702348843
AITFC,9045270,-5.997665,106.591264,8895,2240,1,82.0,300.9,BTK6658,A320,PK-LAM,CGK,LOP,1702348844
AITFC,9045559,-6.797836,108.620057,29688,768,1,101.0,477.7,BTK7309,A320,PK-LUS,HLP,DPS,1702348846
AITFC,9045971,-7.118179,108.306854,38012,0,1,2.2,465.3,GIA717,A339,PK-GHE,MEL,CGK,1702348847
AITFC,9044693,-5.961852,108.200321,25225,-1344,1,270.3,393.0,GIA683,B738,PK-GMW,SOQ,CGK,1702348848
AITFC,9046067,-6.689667,108.821116,34870,64,1,100.5,459.7,BTK6050,B738,PK-LDP,CGK,DPS,1702348849
AITFC,9045255,-6.333432,106.983443,14125,2304,1,103.0,373.6,CTV750,A320,PK-GQI,CGK,MLG,1702348850
AITFC,9046213,-6.501022,107.578544,24537,1216,1,101.4,440.7,SJV734,A320,PK-SAA,CGK,DPS,1702348851
AITFC,9045534,-5.652187,106.53002,36870,64,1,140.7,462.6,CTV782,A320,PK-GQT,PKU,YIA,1702348852
AITFC,9046316,-6.330551,107.032253,34900,64,1,139.1,465.8,SJV935,A320,PK-SGB,,,1702348853
AITFC,9044448,-6.483191,108.131751,31525,1152,1,116.6,468.7,GIA608,B738,PK-GMF,CGK,PLW,1702348854
AITFC,9045270,-5.995695,106.604983,9270,2112,1,81.9,304.1,BTK6658,A320,PK-LAM,CGK,LOP,1702348855
AITFC,9046292,-6.241058,107.492841,22663,1216,1,111.1,428.6,PAS102,A320,PK-PWA,CGK,DPS,1702348856
AITFC,9045559,-6.802597,108.64473,29813,576,1,100.8,479.5,BTK7309,A320,PK-LUS,HLP,DPS,1702348857
AITFC,9045971,-7.094096,108.307769,38012,0,1,2.2,466.3,GIA717,A339,PK-GHE,MEL,CGK,1702348858
AITFC,9044693,-5.961805,108.186588,25025,-1280,1,270.1,386.0,GIA683,B738,PK-GMW,SOQ,CGK,1702348859
AITFC,9046067,-6.694061,108.844625,34870,0,1,100.5,460.7,BTK6050,B738,PK-LDP,CGK,DPS,1702348860
AITFC,9045255,-6.337761,107.002432,14475,2048,1,102.9,375.5,CTV750,A320,PK-GQI,CGK,MLG,1702348861
AITFC,9046213,-6.505489,107.600808,24762,1280,1,101.4,441.7,SJV734,A320,PK-SAA,CGK,DPS,1702348862
AITFC,9045534,-5.652187,106.53002,36870,64,1,140.7,462.6,CTV782,A320,PK-GQT,PKU,YIA,1702348863
AITFC,9046316,-6.349213,107.048508,34900,64,1,139.1,467.2,SJV935,A320,PK-SGB,,,1702348864
AITFC,9044448,-6.494339,108.153976,31700,704,1,116.6,469.6,GIA608,B738,PK-GMF,CGK,PLW,1702348865
AITFC,9045270,-5.992809,106.62544,9695,1920,1,82.0,308.0,BTK6658,A320,PK-LAM,CGK,LOP,1702348866
AITFC,9046292,-6.249573,107.518073,22913,1024,1,106.7,431.2,PAS102,A320,PK-PWA,CGK,DPS,1702348867
AITFC,9045559,-6.807175,108.668844,29938,704,1,100.8,480.5,BTK7309,A320,PK-LUS,HLP,DPS,1702348868
AITFC,9045971,-7.06929,108.308716,38012,0,1,2.3,467.4,GIA717,A339,PK-GHE,MEL,CGK,1702348869
AITFC,9044693,-5.961777,108.167756,24875,-1152,1,270.0,380.0,GIA683,B738,PK-GMW,SOQ,CGK,1702348870
AITFC,9046067,-6.698456,108.868227,34870,64,1,100.5,461.7,BTK6050,B738,PK-LDP,CGK,DPS,1702348871
AITFC,9045255,-6.342453,107.022896,14800,1664,1,102.8,378.4,CTV750,A320,PK-GQI,CGK,MLG,1702348872
AITFC,9046213,-6.510098,107.623728,24987,1216,1,101.3,442.6,SJV734,A320,PK-SAA,CGK,DPS,1702348873
AITFC,9045534,-5.698273,106.567193,36870,64,1,140.7,462.6,CTV782,A320,PK-GQT,PKU,YIA,1702348874
AITFC,9046316,-6.364609,107.061861,34900,0,1,139.1,467.2,SJV935,A320,PK-SGB,,,1702348875
AITFC,9044448,-6.504456,108.174273,31850,896,1,116.6,469.6,GIA608,B738,PK-GMF,CGK,PLW,1702348876
AITFC,9045270,-5.990482,106.641683,10070,2112,1,81.9,311.1,BTK6658,A320,PK-LAM,CGK,LOP,1702348877
AITFC,9046292,-6.255178,107.539057,23063,640,1,104.4,433.7,PAS102,A320,PK-PWA,CGK,DPS,1702348878
AITFC,9045559,-6.812175,108.695084,30063,512,1,100.8,481.5,BTK7309,A320,PK-LUS,HLP,DPS,1702348879
AITFC,9045971,-7.045728,108.30971,38012,0,1,2.3,468.4,GIA717,A339,PK-GHE,MEL,CGK,1702348880
AITFC,9044693,-5.961777,108.159376,24800,-1024,1,269.8,375.0,GIA683,B738,PK-GMW,SOQ,CGK,1702348881
AITFC,9046067,-6.702684,108.891417,34870,64,1,100.4,461.5,BTK6050,B738,PK-LDP,CGK,DPS,1702348882
AITFC,9045255,-6.346664,107.041145,15075,1600,1,103.0,381.8,CTV750,A320,PK-GQI,CGK,MLG,1702348883
AITFC,9046213,-6.514706,107.64679,25187,896,1,101.3,444.6,SJV734,A320,PK-SAA,CGK,DPS,1702348884
AITFC,9045534,-5.71573,106.581116,36870,0,1,141.4,461.8,CTV782,A320,PK-GQT,PKU,YIA,1702348885
AITFC,9046316,-6.385574,107.080063,34900,0,1,139.0,467.8,SJV935,A320,PK-SGB,,,1702348886
AITFC,9044448,-6.51601,108.19729,32025,1024,1,116.6,470.9,GIA608,B738,PK-GMF,CGK,PLW,1702348887
AITFC,9045270,-5.98938,106.649454,10470,2304,1,81.9,313.1,BTK6658,A320,PK-LAM,CGK,LOP,1702348888
AITFC,9046292,-6.260997,107.561693,23213,832,1,104.3,436.6,PAS102,A320,PK-PWA,CGK,DPS,1702348889
AITFC,9045559,-6.816691,108.71914,30163,512,1,100.7,483.5,BTK7309,A320,PK-LUS,HLP,DPS,1702348890
AITFC,9045971,-7.020859,108.310671,38012,0,1,2.2,469.3,GIA717,A339,PK-GHE,MEL,CGK,1702348891
AITFC,9044693,-5.961777,108.159376,24800,-1024,1,269.8,375.0,GIA683,B738,PK-GMW,SOQ,CGK,1702348892
AITFC,9046067,-6.707014,108.915095,34870,0,1,100.3,462.5,BTK6050,B738,PK-LDP,CGK,DPS,1702348893
AITFC,9045255,-6.351151,107.060511,15475,2368,1,103.2,382.0,CTV750,A320,PK-GQI,CGK,MLG,1702348894
AITFC,9046213,-6.519222,107.669141,25337,640,1,101.4,446.8,SJV734,A320,PK-SAA,CGK,DPS,1702348896
AITFC,9045534,-5.71573,106.581116,36870,0,1,141.4,461.8,CTV782,A320,PK-GQT,PKU,YIA,1702348897
AITFC,9046316,-6.398326,107.091175,34925,64,1,139.0,469.2,SJV935,A320,PK-SGB,,,1702348898
AITFC,9044448,-6.527043,108.219215,32175,896,1,116.7,471.4,GIA608,B738,PK-GMF,CGK,PLW,1702348899
AITFC,9045270,-5.986199,106.672132,10995,3200,1,81.9,311.1,BTK6658,A320,PK-LAM,CGK,LOP,1702348900
AITFC,9046292,-6.266583,107.583429,23388,1088,1,104.4,438.8,PAS102,A320,PK-PWA,CGK,DPS,1702348901
AITFC,9045559,-6.821274,108.743793,30288,960,1,100.6,484.2,BTK7309,A320,PK-LUS,HLP,DPS,1702348902
AITFC,9045971,-6.99722,108.311604,37962,-960,1,2.2,468.3,GIA717,A339,PK-GHE,MEL,CGK,1702348903
AITFC,9046067,-6.71139,108.938772,34870,64,1,100.4,463.7,BTK6050,B738,PK-LDP,CGK,DPS,1702348905
AITFC,9045255,-6.355499,107.079132,15850,2048,1,103.2,381.1,CTV750,A320,PK-GQI,CGK,MLG,1702348906
AITFC,9046213,-6.523831,107.692013,25437,448,1,101.4,449.9,SJV734,A320,PK-SAA,CGK,DPS,1702348907
AITFC,9045534,-5.71573,106.581116,36870,0,1,141.4,461.8,CTV782,A320,PK-GQT,PKU,YIA,1702348908
AITFC,9046316,-6.422393,107.112106,34900,-64,1,139.1,475.0,SJV935,A320,PK-SGB,,,1702348909
AITFC,9044448,-6.537982,108.241093,32375,1024,1,116.5,470.5,GIA608,B738,PK-GMF,CGK,PLW,1702348910
AITFC,9045270,-5.983732,106.689322,11587,1792,1,81.9,311.1,BTK6658,A320,PK-LAM,CGK,LOP,1702348911
AITFC,9046292,-6.272076,107.60488,23588,1088,1,104.5,440.0,PAS102,A320,PK-PWA,CGK,DPS,1702348912
AITFC,9045559,-6.825623,108.767255,30488,1216,1,100.5,483.1,BTK7309,A320,PK-LUS,HLP,DPS,1702348913
AITFC,9045971,-6.973292,108.312552,37787,-960,1,2.2,462.4,GIA717,A339,PK-GHE,MEL,CGK,1702348914
AITFC,9046067,-6.715253,108.95994,34870,64,1,100.4,463.7,BTK6050,B738,PK-LDP,CGK,DPS,1702348915
AITFC,9045255,-6.359967,107.098136,16175,1984,1,103.2,382.0,CTV750,A320,PK-GQI,CGK,MLG,1702348916
AITFC,9046213,-6.527985,107.712708,25537,704,1,101.3,453.8,SJV734,A320,PK-SAA,CGK,DPS,1702348917
AITFC,9046316,-6.438174,107.125791,34875,64,1,139.0,475.6,SJV935,A320,PK-SGB,,,1702348919
AITFC,9044448,-6.547758,108.260651,32525,1024,1,116.6,470.9,GIA608,B738,PK-GMF,CGK,PLW,1702348920
AITFC,9045270,-5.981644,106.704246,11812,896,1,81.9,318.2,BTK6658,A320,PK-LAM,CGK,LOP,1702348921
AITFC,9046292,-6.277267,107.625096,23738,960,1,104.4,441.9,PAS102,A320,PK-PWA,CGK,DPS,1702348922
AITFC,9045559,-6.829772,108.789604,30688,1152,1,100.5,482.1,BTK7309,A320,PK-LUS,HLP,DPS,1702348923
AITFC,9045971,-6.950729,108.313464,37612,-1024,1,2.4,460.4,GIA717,A339,PK-GHE,MEL,CGK,1702348924
AITFC,9046067,-6.719193,108.981582,34870,64,1,100.4,464.7,BTK6050,B738,PK-LDP,CGK,DPS,1702348925
AITFC,9045255,-6.363327,107.112742,16425,1728,1,103.1,384.0,CTV750,A320,PK-GQI,CGK,MLG,1702348926
AITFC,9046213,-6.53215,107.733423,25637,256,1,101.5,457.1,SJV734,A320,PK-SAA,CGK,DPS,1702348927
AITFC,9046316,-6.452179,107.137927,34900,64,1,139.0,475.6,SJV935,A320,PK-SGB,,,1702348928
AITFC,9044448,-6.55679,108.278598,32675,1216,1,116.7,470.0,GIA608,B738,PK-GMF,CGK,PLW,1702348929
AITFC,9045270,-5.980591,106.711602,11887,896,1,81.9,321.2,BTK6658,A320,PK-LAM,CGK,LOP,1702348930
AITFC,9045534,-5.71573,106.581116,36870,0,1,141.5,461.2,CTV782,A320,PK-GQT,PKU,YIA,1702348931
AITFC,9046292,-6.282532,107.645672,23913,960,1,104.4,442.9,PAS102,A320,PK-PWA,CGK,DPS,1702348932
AITFC,9045559,-6.834183,108.813482,30888,1024,1,100.5,481.1,BTK7309,A320,PK-LUS,HLP,DPS,1702348933
AITFC,9045971,-6.929673,108.314304,37437,-1024,1,2.2,460.4,GIA717,A339,PK-GHE,MEL,CGK,1702348934
AITFC,9046067,-6.722809,109.001087,34870,0,1,100.4,464.7,BTK6050,B738,PK-LDP,CGK,DPS,1702348935
AITFC,9045255,-6.367974,107.13261,16700,1600,1,103.0,386.9,CTV750,A320,PK-GQI,CGK,MLG,1702348936
AITFC,9046213,-6.536636,107.755536,25687,576,1,101.4,460.1,SJV734,A320,PK-SAA,CGK,DPS,1702348937
AITFC,9044855,-6.20105,106.648616,8520,1280,1,44.6,279.3,CTV970,A320,PK-GLN,CGK,PGK,1702348938
AITFC,9046316,-6.469574,107.153057,34900,0,1,139.0,477.0,SJV935,A320,PK-SGB,,,1702348939
AITFC,9044448,-6.567776,108.300429,32900,1216,1,116.7,469.1,GIA608,B738,PK-GMF,CGK,PLW,1702348940
AITFC,9045270,-5.980591,106.711602,11887,896,1,81.9,321.2,BTK6658,A320,PK-LAM,CGK,LOP,1702348941
AITFC,9045534,-5.814933,106.65982,36870,0,1,141.4,460.4,CTV782,A320,PK-GQT,PKU,YIA,1702348942
AITFC,9046292,-6.288276,107.668147,24113,1152,1,104.3,443.8,PAS102,A320,PK-PWA,CGK,DPS,1702348943
AITFC,9045559,-6.838623,108.837363,31088,1024,1,100.6,480.1,BTK7309,A320,PK-LUS,HLP,DPS,1702348944
AITFC,9045971,-6.906326,108.315233,37262,-960,1,2.2,459.4,GIA717,A339,PK-GHE,MEL,CGK,1702348945
AITFC,9046067,-6.727341,109.02576,34870,0,1,100.5,465.8,BTK6050,B738,PK-LDP,CGK,DPS,1702348946
AITFC,9045255,-6.372208,107.150915,16950,1408,1,103.0,390.1,CTV750,A320,PK-GQI,CGK,MLG,1702348947
AITFC,9046213,-6.541334,107.778815,25837,896,1,101.5,463.2,SJV734,A320,PK-SAA,CGK,DPS,1702348948
AITFC,9044855,-6.18926,106.659109,8720,1408,1,40.7,292.9,CTV970,A320,PK-GLN,CGK,PGK,1702348949
AITFC,9046316,-6.492279,107.172888,34900,0,1,138.8,476.9,SJV935,A320,PK-SGB,,,1702348950
AITFC,9044448,-6.578156,108.321052,33100,1152,1,116.7,469.1,GIA608,B738,PK-GMF,CGK,PLW,1702348951
AITFC,9045270,-5.980591,106.711602,11887,896,1,81.9,321.2,BTK6658,A320,PK-LAM,CGK,LOP,1702348952
AITFC,9045534,-5.831925,106.673363,36870,0,1,141.5,459.0,CTV782,A320,PK-GQT,PKU,YIA,1702348953
AITFC,9046292,-6.29393,107.690176,24338,1152,1,104.3,443.8,PAS102,A320,PK-PWA,CGK,DPS,1702348954
AITFC,9045559,-6.843155,108.86185,31288,1152,1,100.4,477.8,BTK7309,A320,PK-LUS,HLP,DPS,1702348955
AITFC,9045971,-6.882329,108.316151,37062,-960,1,2.2,461.4,GIA717,A339,PK-GHE,MEL,CGK,1702348956
AITFC,9046067,-6.727341,109.02576,34870,0,1,100.5,465.8,BTK6050,B738,PK-LDP,CGK,DPS,1702348957
AITFC,9045255,-6.377197,107.172608,17225,1664,1,103.1,393.2,CTV750,A320,PK-GQI,CGK,MLG,1702348958
AITFC,9046213,-6.546066,107.802134,26012,1152,1,101.4,464.2,SJV734,A320,PK-SAA,CGK,DPS,1702348959
AITFC,9044855,-6.177567,106.668867,9045,2048,1,39.6,299.7,CTV970,A320,PK-GLN,CGK,PGK,1702348960
AITFC,9046316,-6.506287,107.185084,34900,0,1,138.9,477.7,SJV935,A320,PK-SGB,,,1702348961
AITFC,9044448,-6.589462,108.343583,33300,1216,1,116.7,467.8,GIA608,B738,PK-GMF,CGK,PLW,1702348963
AITFC,9045534,-5.854922,106.691689,36870,0,1,141.5,459.0,CTV782,A320,PK-GQT,PKU,YIA,1702348965
AITFC,9046292,-6.299542,107.712139,24488,640,1,104.4,446.0,PAS102,A320,PK-PWA,CGK,DPS,1702348966
AITFC,9045559,-6.847458,108.885405,31513,1088,1,100.5,477.0,BTK7309,A320,PK-LUS,HLP,DPS,1702348967
AITFC,9045971,-6.857889,108.317145,36887,-960,1,2.2,462.4,GIA717,A339,PK-GHE,MEL,CGK,1702348968
AITFC,9046067,-6.727341,109.02576,34870,0,1,100.5,465.8,BTK6050,B738,PK-LDP,CGK,DPS,1702348969
AITFC,9045255,-6.381986,107.192988,17525,1728,1,103.2,395.4,CTV750,A320,PK-GQI,CGK,MLG,1702348970
AITFC,9046213,-6.550827,107.82569,26212,1024,1,101.4,464.2,SJV734,A320,PK-SAA,CGK,DPS,1702348971
AITFC,9044855,-6.16603,106.678335,9445,2240,1,39.3,304.9,CTV970,A320,PK-GLN,CGK,PGK,1702348972
AITFC,9046316,-6.524855,107.201228,34900,64,1,138.9,476.3,SJV935,A320,PK-SGB,,,1702348973
AITFC,9044448,-6.600176,108.364926,33500,1152,1,116.7,466.9,GIA608,B738,PK-GMF,CGK,PLW,1702348974
AITFC,9045534,-5.854922,106.691689,36870,0,1,141.4,458.2,CTV782,A320,PK-GQT,PKU,YIA,1702348975
AITFC,9046292,-6.304895,107.732833,24613,704,1,104.5,448.2,PAS102,A320,PK-PWA,CGK,DPS,1702348976
AITFC,9045559,-6.851532,108.907145,31688,960,1,100.6,476.2,BTK7309,A320,PK-LUS,HLP,DPS,1702348977
AITFC,9045971,-6.836429,108.317997,36737,-960,1,2.4,462.4,GIA717,A339,PK-GHE,MEL,CGK,1702348978
AITFC,9046067,-6.740479,109.09638,34870,64,1,100.5,465.8,BTK6050,B738,PK-LDP,CGK,DPS,1702348979
AITFC,9045255,-6.385896,107.209846,17825,1856,1,103.1,396.4,CTV750,A320,PK-GQI,CGK,MLG,1702348980
AITFC,9046213,-6.555021,107.846532,26387,1216,1,101.4,464.2,SJV734,A320,PK-SAA,CGK,DPS,1702348981
AITFC,9044855,-6.159885,106.683355,9720,2176,1,39.3,307.7,CTV970,A320,PK-GLN,CGK,PGK,1702348982
AITFC,9046316,-6.547339,107.220833,34900,64,1,139.0,475.6,SJV935,A320,PK-SGB,,,1702348983
AITFC,9044448,-6.610107,108.384596,33700,1152,1,116.6,464.2,GIA608,B738,PK-GMF,CGK,PLW,1702348984
AITFC,9045534,-5.888123,106.718166,36870,0,1,141.3,457.4,CTV782,A320,PK-GQT,PKU,YIA,1702348985
AITFC,9046292,-6.310135,107.753301,24763,960,1,104.3,449.9,PAS102,A320,PK-PWA,CGK,DPS,1702348986
AITFC,9045559,-6.855702,108.929396,31863,1344,1,100.7,474.2,BTK7309,A320,PK-LUS,HLP,DPS,1702348987
AITFC,9045971,-6.814549,108.31885,36562,-960,1,2.2,461.4,GIA717,A339,PK-GHE,MEL,CGK,1702348988
AITFC,9046067,-6.744232,109.116816,34870,64,1,100.5,466.8,BTK6050,B738,PK-LDP,CGK,DPS,1702348989
AITFC,9045255,-6.390381,107.22889,18075,1600,1,103.2,398.5,CTV750,A320,PK-GQI,CGK,MLG,1702348990
AITFC,9046213,-6.559536,107.868979,26637,1408,1,101.3,464.0,SJV734,A320,PK-SAA,CGK,DPS,1702348991
AITFC,9044855,-6.14322,106.697088,10170,2304,1,39.7,311.8,CTV970,A320,PK-GLN,CGK,PGK,1702348992
AITFC,9046316,-6.561539,107.233173,34900,-64,1,139.0,475.6,SJV935,A320,PK-SGB,,,1702348993
AITFC,9044448,-6.619914,108.404231,33850,896,1,116.7,463.3,GIA608,B738,PK-GMF,CGK,PLW,1702348994
AITFC,9046030,-5.960632,108.828053,34095,-1088,1,269.8,462.0,BTK6171,B738,PK-LZO,AMQ,CGK,1702348995
AITFC,9045534,-5.901718,106.729012,36870,0,1,141.4,456.8,CTV782,A320,PK-GQT,PKU,YIA,1702348996
AITFC,9046292,-6.316068,107.776542,24913,832,1,104.2,451.8,PAS102,A320,PK-PWA,CGK,DPS,1702348997
AITFC,9045559,-6.858627,108.944852,32013,1472,1,100.8,473.4,BTK7309,A320,PK-LUS,HLP,DPS,1702348998
AITFC,9045971,-6.791153,108.319749,36387,-960,1,2.2,460.4,GIA717,A339,PK-GHE,MEL,CGK,1702348999
